date,act.val,hw.pred.val,hw.low.range,hw.high.range,ema.pred.val,ema.low.range,ema.high.range
2010-03-01,6602,NA,NA,NA,6602,6602,6602
2010-03-02,7298,NA,NA,NA,6689,3644,9734
2010-03-03,6885,NA,NA,NA,6713.5,4762.25,8664.75
2010-03-04,7106,NA,NA,NA,6762.5625,4889.333333,8635.791667
2010-03-05,6475,NA,NA,NA,6726.617188,5007.173828,8446.060547
2010-03-06,4710,NA,NA,NA,6474.540039,3334.445313,9614.634766
2010-03-07,4573,NA,NA,NA,6236.847534,2233.562317,10240.13275
2010-03-08,6325,NA,NA,NA,6247.866592,2761.383972,9734.349213
2010-03-09,6199,NA,NA,NA,6241.758268,3164.362058,9319.154479
2010-03-10,6242,NA,NA,NA,6241.788485,3506.207678,8977.369291
2010-03-11,6805,NA,NA,NA,6312.189924,3603.76216,9020.617688
2010-03-12,6054,NA,NA,NA,6279.916184,3715.019951,8844.812416
2010-03-13,4677,NA,NA,NA,6079.551661,3144.000256,9015.103066
2010-03-14,5685,NA,NA,NA,6030.232703,3187.711136,8872.754271
2010-03-15,8287,NA,NA,NA,6312.328615,2967.604522,9657.052708
2010-03-16,7735,NA,NA,NA,6490.162538,2953.474231,10026.85085
2010-03-17,6736,NA,NA,NA,6520.892221,3138.025752,9903.75869
2010-03-18,7020,NA,NA,NA,6583.280693,3270.959515,9895.601872
2010-03-19,8196,NA,NA,NA,6784.870607,3264.586884,10305.15433
2010-03-20,8570,NA,NA,NA,7008.011781,3261.956618,10754.06694
2010-03-21,6361,NA,NA,NA,6927.135308,3226.849076,10627.42154
2010-03-22,8161,NA,NA,NA,7081.368395,3300.231125,10862.50566
2010-03-23,8068,NA,NA,NA,7204.697345,3399.224803,11010.16989
2010-03-24,6460,NA,NA,NA,7111.610177,3329.938576,10893.28178
2010-03-25,6446,NA,NA,NA,7028.408905,3282.971765,10773.84604
2010-03-26,5692,NA,NA,NA,6861.357792,3031.86658,10690.849
2010-03-27,4454,NA,NA,NA,6560.438068,2473.150735,10647.7254
2010-03-28,4640,NA,NA,NA,6320.383309,2073.294895,10567.47172
2010-03-29,6443,NA,NA,NA,6335.710396,2221.144852,10450.27594
2010-03-30,6136,NA,NA,NA,6310.746596,2307.9339,10313.55929
2010-03-31,5843,NA,NA,NA,6252.278272,2314.67962,10189.87692
2010-04-01,5553,NA,NA,NA,6164.868488,2255.600681,10074.13629
2010-04-02,5015,NA,NA,NA,6021.134927,2076.823157,9965.446697
2010-04-03,4422,NA,NA,NA,5821.243061,1784.449366,9858.036756
2010-04-04,5125,NA,NA,NA,5734.212678,1726.55811,9741.867247
2010-04-05,7319,NA,NA,NA,5932.311094,1841.062526,10023.55966
2010-04-06,6880,NA,NA,NA,6050.772207,1957.998906,10143.54551
2010-04-07,7739,NA,NA,NA,6261.800681,2080.021345,10443.58002
2010-04-08,7359,NA,NA,NA,6398.950596,2200.895795,10597.0054
2010-04-09,5997,NA,NA,NA,6348.706771,2213.203789,10484.20975
2010-04-10,4519,NA,NA,NA,6119.993425,1887.753839,10352.23301
2010-04-11,5087,NA,NA,NA,5990.869247,1751.62706,10230.11143
2010-04-12,5368,NA,NA,NA,5913.010591,1709.820529,10116.20065
2010-04-13,6505,NA,NA,NA,5987.009267,1821.33633,10152.6822
2010-04-14,6355,NA,NA,NA,6033.008109,1925.419569,10140.59665
2010-04-15,6351,NA,NA,NA,6072.757095,2025.532423,10119.98177
2010-04-16,5747,NA,NA,NA,6032.037458,2041.813598,10022.26132
2010-04-17,4420,NA,NA,NA,5830.532776,1775.150618,9885.914934
2010-04-18,4784,NA,NA,NA,5699.716179,1633.434047,9765.998311
2010-04-19,5973,NA,NA,NA,5733.876657,1726.179533,9741.57378
2010-04-20,6229,NA,NA,NA,5795.767075,1824.900601,9766.633548
2010-04-21,6736,NA,NA,NA,5913.29619,1939.632608,9886.959773
2010-04-22,6320,NA,NA,NA,5964.134166,2032.669323,9895.59901
2010-04-23,5607,NA,NA,NA,5919.492396,2032.725719,9806.259072
2010-04-24,4116,NA,NA,NA,5694.055846,1733.150048,9654.961644
2010-04-25,4438,NA,NA,NA,5537.048865,1548.246003,9525.851728
2010-04-26,6112,NA,NA,NA,5608.917757,1646.42546,9571.410054
2010-04-27,6632,NA,NA,NA,5736.803038,1765.3021,9708.303975
2010-04-28,6232,NA,NA,NA,5798.702658,1858.322655,9739.082661
2010-04-29,5905,NA,NA,NA,5811.989826,1930.513707,9693.465945
2010-04-30,5139,NA,NA,NA,5727.866097,1862.009072,9593.723123
2010-05-01,3711,NA,NA,NA,5475.757835,1528.623234,9422.892437
2010-05-02,4036,NA,NA,NA,5295.788106,1310.721151,9280.855061
2010-05-03,5767,NA,NA,NA,5354.689593,1400.15462,9309.224565
2010-05-04,5531,NA,NA,NA,5376.728394,1471.930561,9281.526226
2010-05-05,5842,NA,NA,NA,5434.887344,1558.846966,9310.927722
2010-05-06,6370,NA,NA,NA,5551.776426,1672.477298,9431.075554
2010-05-07,5051,NA,NA,NA,5489.179373,1635.080279,9343.278467
2010-05-08,4000,NA,NA,NA,5303.031951,1409.799612,9196.264291
2010-05-09,3788,NA,NA,NA,5113.652957,1180.782467,9046.523448
2010-05-10,5714,NA,NA,NA,5188.696338,1274.488021,9102.904654
2010-05-11,5214,NA,NA,NA,5191.859296,1331.221469,9052.497122
2010-05-12,4635,NA,NA,NA,5122.251884,1281.397091,8963.106677
2010-05-13,4916,NA,NA,NA,5096.470398,1295.869068,8897.071728
2010-05-14,4736,NA,NA,NA,5051.411598,1280.858151,8821.965045
2010-05-15,3571,NA,NA,NA,4866.360149,1059.723404,8672.996893
2010-05-16,3759,NA,NA,NA,4727.94013,907.6446501,8548.23561
2010-05-17,5572,NA,NA,NA,4833.447614,1014.808414,8652.086814
2010-05-18,5117,NA,NA,NA,4868.891662,1083.304994,8654.47833
2010-05-19,7678,NA,NA,NA,5220.030204,1326.794646,9113.265762
2010-05-20,9923,NA,NA,NA,5807.901429,1706.137655,9909.665203
2010-05-21,19249,NA,NA,NA,7488.03875,2710.928773,12265.14873
2010-05-22,10026,NA,NA,NA,7805.283906,2951.02185,12659.54596
2010-05-23,15409,NA,NA,NA,8755.748418,3559.173158,13952.32368
2010-05-24,9686,NA,NA,NA,8872.029866,3688.867994,14055.19174
2010-05-25,9022,NA,NA,NA,8890.776133,3760.873585,14020.67868
2010-05-26,9030,NA,NA,NA,8908.179116,3830.843988,13985.51424
2010-05-27,8232,NA,NA,NA,8823.656727,3770.678513,13876.63494
2010-05-28,6685,NA,NA,NA,8556.324636,3454.441365,13658.20791
2010-05-29,6142,NA,NA,NA,8254.534056,3091.293628,13417.77448
2010-05-30,5155,NA,NA,NA,7867.092299,2610.549415,13123.63518
2010-05-31,6270,NA,NA,NA,7667.455762,2391.893802,12943.01772
2010-06-01,7643,NA,NA,NA,7664.398792,2445.016918,12883.78066
2010-06-02,7848,NA,NA,NA,7687.348943,2515.452301,12859.24558
2010-06-03,6315,NA,NA,NA,7515.805325,2335.056237,12696.55441
2010-06-04,5322,NA,NA,NA,7241.579659,2014.334264,12468.82505
2010-06-05,4001,NA,NA,NA,6836.507202,1516.029613,12156.98479
2010-06-06,3977,NA,NA,NA,6479.068802,1084.468878,11873.66872
2010-06-07,5847,NA,NA,NA,6400.060201,1032.289859,11767.83054
2010-06-08,6136,NA,NA,NA,6367.052676,1041.832909,11692.27244
2010-06-09,5937,NA,NA,NA,6313.296092,1022.513718,11604.07847
2010-06-10,5519,NA,NA,NA,6214.00908,941.2042999,11486.81386
2010-06-11,5208,NA,NA,NA,6088.257945,823.9974301,11352.51846
2010-06-12,2713,NA,NA,NA,5666.350702,309.8329734,11022.86843
2010-06-13,3889,NA,NA,NA,5444.181864,64.40075498,10823.96297
2010-06-14,6227,NA,NA,NA,5542.034131,180.8716102,10903.19665
2010-06-15,6130,NA,NA,NA,5615.529865,280.6768895,10950.38284
2010-06-16,6289,NA,NA,NA,5699.713632,387.1823492,11012.24491
2010-06-17,5413,NA,NA,NA,5663.874428,388.9186929,10938.83016
2010-06-18,4957,NA,NA,NA,5575.515124,320.5812253,10830.44902
2010-06-19,3548,NA,NA,NA,5322.075734,34.27415505,10609.87731
2010-06-20,3880,NA,NA,NA,5141.816267,-155.1860302,10438.81856
2010-06-21,5952,NA,NA,NA,5243.089234,-38.26620228,10524.44467
2010-06-22,6015,NA,NA,NA,5339.578079,75.07437655,10604.08178
2010-06-23,5704,NA,NA,NA,5385.13082,152.8214833,10617.44016
2010-06-24,5649,NA,NA,NA,5418.114467,221.2649715,10614.96396
2010-06-25,5199,NA,NA,NA,5390.725159,230.4120743,10551.03824
2010-06-26,3690,NA,NA,NA,5178.134514,-1.668822533,10357.93785
2010-06-27,3878,NA,NA,NA,5015.6177,-168.4931381,10199.72854
2010-06-28,5293,NA,NA,NA,5050.290487,-100.4542727,10201.03525
2010-06-29,5296,NA,NA,NA,5081.004176,-35.77586988,10197.78422
2010-06-30,5218,NA,NA,NA,5098.128654,18.68268509,10177.57462
2010-07-01,4604,NA,NA,NA,5036.362572,-19.16837123,10091.89352
2010-07-02,4669,NA,NA,NA,4990.442251,-37.05357336,10017.93808
2010-07-03,3522,NA,NA,NA,4806.88697,-231.874492,9845.648431
2010-07-04,3786,NA,NA,NA,4679.276098,-354.9063154,9713.458512
2010-07-05,4486,NA,NA,NA,4655.116586,-345.8229747,9656.056147
2010-07-06,5340,NA,NA,NA,4740.727013,-244.4284958,9725.882521
2010-07-07,5671,NA,NA,NA,4857.011136,-120.994285,9835.016557
2010-07-08,5704,NA,NA,NA,4962.884744,-5.256885194,9931.026374
2010-07-09,5301,NA,NA,NA,5005.149151,63.84511705,9946.453185
2010-07-10,3764,NA,NA,NA,4850.005507,-95.0292406,9795.040255
2010-07-11,3882,NA,NA,NA,4729.004819,-210.6510604,9668.660698
2010-07-12,2950,NA,NA,NA,4506.629216,-454.4062884,9467.664721
2010-07-13,5211,NA,NA,NA,4594.675564,-352.3344678,9541.685597
2010-07-14,5249,NA,NA,NA,4676.466119,-255.1043532,9608.036591
2010-07-15,5146,NA,NA,NA,4735.157854,-175.2555611,9645.571269
2010-07-16,4899,NA,NA,NA,4755.638122,-124.1650445,9635.441289
2010-07-17,3397,NA,NA,NA,4585.808357,-301.7066838,9473.323398
2010-07-18,4001,NA,NA,NA,4512.707312,-358.0524876,9383.467112
2010-07-19,5329,NA,NA,NA,4614.743898,-246.7339067,9476.221703
2010-07-20,5250,NA,NA,NA,4694.150911,-152.5592886,9540.861111
2010-07-21,5141,NA,NA,NA,4750.007047,-76.33874801,9576.352842
2010-07-22,5364,NA,NA,NA,4826.756166,15.37629156,9638.136041
2010-07-23,4885,NA,NA,NA,4834.036645,54.2995701,9613.773721
2010-07-24,3435,NA,NA,NA,4659.157065,-129.8286192,9448.142749
2010-07-25,3734,NA,NA,NA,4543.512432,-240.395009,9327.419872
2010-07-26,5101,NA,NA,NA,4613.198378,-154.7573668,9381.154122
2010-07-27,5679,NA,NA,NA,4746.423581,-20.82220695,9513.669368
2010-07-28,5487,NA,NA,NA,4838.995633,81.99967067,9595.991595
2010-07-29,4895,NA,NA,NA,4845.996179,119.0800623,9572.912295
2010-07-30,4791,NA,NA,NA,4839.121656,141.9161878,9536.327125
2010-07-31,3701,NA,NA,NA,4696.856449,-2.204787525,9395.917686
2010-08-01,3709,NA,NA,NA,4573.374393,-123.2215544,9269.970341
2010-08-02,5223,NA,NA,NA,4654.577594,-29.97625014,9339.131438
2010-08-03,5151,NA,NA,NA,4716.630395,48.28755588,9384.973234
2010-08-04,5324,NA,NA,NA,4792.551595,137.1004284,9448.002763
2010-08-05,5486,NA,NA,NA,4879.232646,234.1102331,9524.355059
2010-08-06,5458,NA,NA,NA,4951.578565,319.8296665,9583.327464
2010-08-07,3954,NA,NA,NA,4826.881245,196.8137463,9456.948743
2010-08-08,4489,NA,NA,NA,4784.646089,174.2775723,9395.014606
2010-08-09,5067,NA,NA,NA,4819.940328,230.5349799,9409.345676
2010-08-10,5250,NA,NA,NA,4873.697787,301.0078357,9446.387738
2010-08-11,5189,NA,NA,NA,4913.110564,360.0110588,9466.210068
2010-08-12,5667,NA,NA,NA,5007.346743,461.8986604,9552.794826
2010-08-13,4699,NA,NA,NA,4968.8034,442.7276271,9494.879173
2010-08-14,3220,NA,NA,NA,4750.202975,205.3022677,9295.103683
2010-08-15,3485,NA,NA,NA,4592.052603,41.2215826,9142.883624
2010-08-16,5136,NA,NA,NA,4660.046028,122.1379903,9197.954065
2010-08-17,5256,NA,NA,NA,4734.540274,208.0559611,9261.024588
2010-08-18,5063,NA,NA,NA,4775.59774,267.2867975,9283.908683
2010-08-19,4934,NA,NA,NA,4795.398023,309.398782,9281.397263
2010-08-20,4508,NA,NA,NA,4759.47327,292.2451507,9226.701389
2010-08-21,3522,NA,NA,NA,4604.789111,132.0886368,9077.489585
2010-08-22,3616,NA,NA,NA,4481.190472,9.333377926,8953.047566
2010-08-23,4980,NA,NA,NA,4543.541663,84.76779982,9002.315526
2010-08-24,4954,NA,NA,NA,4594.848955,151.2058797,9038.492031
2010-08-25,4991,NA,NA,NA,4644.367836,216.0382193,9072.697452
2010-08-26,5188,NA,NA,NA,4712.321856,295.5087505,9129.134962
2010-08-27,5160,NA,NA,NA,4768.281624,365.2015979,9171.361651
2010-08-28,3778,NA,NA,NA,4644.496421,241.8086056,9047.184237
2010-08-29,4038,NA,NA,NA,4568.684369,175.6610058,8961.707731
2010-08-30,5095,NA,NA,NA,4634.473823,252.9361327,9016.011512
2010-08-31,5147,NA,NA,NA,4698.539595,328.6917172,9068.387472
2010-09-01,4806,NA,NA,NA,4711.972145,363.3183364,9060.625954
2010-09-02,4985,NA,NA,NA,4746.100627,414.4963152,9077.704939
2010-09-03,4505,NA,NA,NA,4715.963049,401.9758823,9029.950215
2010-09-04,3343,NA,NA,NA,4544.342668,221.3034896,8867.381846
2010-09-05,3401,NA,NA,NA,4401.424834,74.77350192,8728.076167
2010-09-06,4073,NA,NA,NA,4360.37173,49.01030601,8671.733154
2010-09-07,5258,NA,NA,NA,4472.575264,163.2361437,8781.914384
2010-09-08,5506,NA,NA,NA,4601.753356,291.3048425,8912.201869
2010-09-09,4962,NA,NA,NA,4646.784186,350.5771806,8942.991192
2010-09-10,4890,NA,NA,NA,4677.186163,397.7259854,8956.646341
2010-09-11,3519,NA,NA,NA,4532.412893,248.8928991,8815.932886
2010-09-12,5957,NA,NA,NA,4710.486281,416.9711665,9004.001396
2010-09-13,5403,NA,NA,NA,4797.050496,509.9831752,9084.117817
2010-09-14,5285,NA,NA,NA,4858.044184,581.9021842,9134.186184
2010-09-15,5788,NA,NA,NA,4974.288661,699.1950719,9249.38225
2010-09-16,5399,NA,NA,NA,5027.377578,764.4296248,9290.325532
2010-09-17,5148,NA,NA,NA,5042.455381,798.1835518,9286.72721
2010-09-18,3720,NA,NA,NA,4877.148458,625.2076219,9129.089295
2010-09-19,4753,NA,NA,NA,4861.629901,628.0494177,9095.210384
2010-09-20,5491,NA,NA,NA,4940.301163,714.0117456,9166.590581
2010-09-21,5538,NA,NA,NA,5015.013518,796.6229091,9233.404127
2010-09-22,5683,NA,NA,NA,5098.511828,886.4429254,9310.580731
2010-09-23,5494,NA,NA,NA,5147.94785,947.9265593,9347.96914
2010-09-24,5056,NA,NA,NA,5136.454369,954.7796937,9318.129043
2010-09-25,3608,NA,NA,NA,4945.397572,751.6781227,9139.117022
2010-09-26,3773,NA,NA,NA,4798.847876,600.6522543,8997.043498
2010-09-27,5630,NA,NA,NA,4902.741891,707.2220082,9098.261775
2010-09-28,5864,NA,NA,NA,5022.899155,827.3319527,9218.466357
2010-09-29,5870,NA,NA,NA,5128.786761,935.5285253,9322.044996
2010-09-30,5906,NA,NA,NA,5225.938416,1036.402952,9415.473879
2010-10-01,4863,NA,NA,NA,5180.571114,1003.193032,9357.949195
2010-10-02,3884,NA,NA,NA,5018.499724,834.1675942,9202.831855
2010-10-03,4123,NA,NA,NA,4906.562259,723.4640214,9089.660496
2010-10-04,5514,NA,NA,NA,4982.491976,806.4239608,9158.559992
2010-10-05,5674,NA,NA,NA,5068.930479,898.1409977,9239.719961
2010-10-06,5607,NA,NA,NA,5136.18917,973.6952829,9298.683056
2010-10-07,5315,NA,NA,NA,5158.540523,1011.411166,9305.66988
2010-10-08,4559,NA,NA,NA,5083.597958,943.36516,9223.830756
2010-10-09,3472,NA,NA,NA,4882.148213,728.8050176,9035.491409
2010-10-10,4093,NA,NA,NA,4783.504687,633.3041805,8933.705193
2010-10-11,5053,NA,NA,NA,4817.191601,680.2551952,8954.128006
2010-10-12,6270,NA,NA,NA,4998.792651,851.9935769,9145.591724
2010-10-13,7244,NA,NA,NA,5279.443569,1107.529526,9451.357612
2010-10-14,6687,NA,NA,NA,5455.388123,1274.724541,9636.051705
2010-10-15,5194,NA,NA,NA,5422.714608,1255.371598,9590.057617
2010-10-16,3889,NA,NA,NA,5231.000282,1052.553961,9409.446603
2010-10-17,4617,NA,NA,NA,5154.250247,982.29173,9326.208763
2010-10-18,6307,NA,NA,NA,5298.343966,1122.613494,9474.074437
2010-10-19,5726,NA,NA,NA,5351.80097,1186.004702,9517.597238
2010-10-20,5862,NA,NA,NA,5415.575849,1258.078618,9573.07308
2010-10-21,5547,NA,NA,NA,5432.003868,1289.816536,9574.191199
2010-10-22,5183,NA,NA,NA,5400.878384,1271.681672,9530.075097
2010-10-23,4937,NA,NA,NA,5342.893586,1222.594029,9463.193143
2010-10-24,4791,NA,NA,NA,5273.906888,1160.804652,9387.009123
2010-10-25,6656,NA,NA,NA,5446.668527,1325.44211,9567.894944
2010-10-26,5932,NA,NA,NA,5507.334961,1394.467964,9620.201959
2010-10-27,6687,NA,NA,NA,5654.793091,1537.558729,9772.027453
2010-10-28,6157,NA,NA,NA,5717.568955,1608.301726,9826.836183
2010-10-29,5405,NA,NA,NA,5678.497835,1580.560268,9776.435403
2010-10-30,3717,NA,NA,NA,5433.310606,1316.921946,9549.699266
2010-10-31,4096,NA,NA,NA,5266.14678,1142.650148,9389.643412
2010-11-01,5759,NA,NA,NA,5327.753433,1212.286448,9443.220417
2010-11-02,6494,NA,NA,NA,5473.534254,1354.055636,9593.012871
2010-11-03,5874,NA,NA,NA,5523.592472,1413.698636,9633.486308
2010-11-04,5879,NA,NA,NA,5568.018413,1468.426939,9667.609886
2010-11-05,5658,NA,NA,NA,5579.266111,1494.557859,9663.974364
2010-11-06,3937,NA,NA,NA,5373.982847,1276.873771,9471.091924
2010-11-07,4556,NA,NA,NA,5271.734991,1176.69139,9366.778593
2010-11-08,6211,NA,NA,NA,5389.143117,1294.043005,9484.24323
2010-11-09,7105,NA,NA,NA,5603.625228,1495.039843,9712.210613
2010-11-10,6148,NA,NA,NA,5671.672074,1569.885689,9773.45846
2010-11-11,6388,NA,NA,NA,5761.213065,1663.222176,9859.203954
2010-11-12,5983,NA,NA,NA,5788.936432,1703.163016,9874.709848
2010-11-13,3983,NA,NA,NA,5563.194378,1462.575832,9663.812924
2010-11-14,4329,NA,NA,NA,5408.920081,1303.266721,9514.57344
2010-11-15,7021,NA,NA,NA,5610.430071,1493.397575,9727.462566
2010-11-16,7427,NA,NA,NA,5837.501312,1705.736274,9969.26635
2010-11-17,7301,NA,NA,NA,6020.438648,1879.972301,10160.90499
2010-11-18,6518,NA,NA,NA,6082.633817,1949.662261,10215.60537
2010-11-19,6352,NA,NA,NA,6116.30459,1994.566854,10238.04233
2010-11-20,4245,NA,NA,NA,5882.391516,1745.25522,10019.52781
2010-11-21,4437,NA,NA,NA,5701.717577,1556.33052,9847.104633
2010-11-22,6484,NA,NA,NA,5799.502879,1656.833497,9942.172262
2010-11-23,6124,NA,NA,NA,5840.06502,1707.594119,9972.53592
2010-11-24,5404,NA,NA,NA,5785.556892,1661.38706,9909.726724
2010-11-25,4290,NA,NA,NA,5598.612281,1465.450286,9731.774275
2010-11-26,3887,NA,NA,NA,5384.660745,1239.072301,9530.24919
2010-11-27,3371,NA,NA,NA,5132.953152,970.1537209,9295.752584
2010-11-28,3752,NA,NA,NA,4960.334008,790.6269644,9130.041052
2010-11-29,6091,NA,NA,NA,5101.667257,929.1142182,9274.220296
2010-11-30,5768,NA,NA,NA,5184.95885,1016.99467,9352.92303
2010-12-01,5783,NA,NA,NA,5259.713994,1097.391756,9422.036232
2010-12-02,5763,NA,NA,NA,5322.624745,1167.405572,9477.843917
2010-12-03,5056,NA,NA,NA,5289.296652,1144.867139,9433.726164
2010-12-04,4046,NA,NA,NA,5133.88457,984.7968081,9282.972332
2010-12-05,4222,NA,NA,NA,5019.898999,871.383254,9168.414744
2010-12-06,5941,NA,NA,NA,5135.036624,986.9448036,9283.128444
2010-12-07,5997,NA,NA,NA,5242.782046,1096.03187,9389.532222
2010-12-08,5753,NA,NA,NA,5306.55929,1166.598287,9446.520294
2010-12-09,5826,NA,NA,NA,5371.489379,1238.12699,9504.851768
2010-12-10,4868,NA,NA,NA,5308.553207,1181.988692,9435.117721
2010-12-11,3459,NA,NA,NA,5077.359056,936.8814507,9217.836661
2010-12-12,4900,NA,NA,NA,5055.189174,926.4756657,9183.902682
2010-12-13,5384,NA,NA,NA,5096.290527,976.9504202,9215.630634
2010-12-14,5707,NA,NA,NA,5172.629211,1058.315098,9286.943324
2010-12-15,5516,NA,NA,NA,5215.55056,1110.27474,9320.826379
2010-12-16,5168,NA,NA,NA,5209.60674,1117.769686,9301.443793
2010-12-17,4732,NA,NA,NA,5149.905897,1064.949626,9234.862169
2010-12-18,3299,NA,NA,NA,4918.54266,819.8440701,9017.24125
2010-12-19,3227,NA,NA,NA,4707.099828,597.1322937,8817.067362
2010-12-20,4750,NA,NA,NA,4712.462349,615.8359013,8809.088797
2010-12-21,4790,NA,NA,NA,4722.154556,638.2650541,8806.044057
2010-12-22,4385,NA,NA,NA,4680.010236,604.9343777,8755.086095
2010-12-23,3989,NA,NA,NA,4593.633957,522.0998695,8665.168044
2010-12-24,2969,NA,NA,NA,4390.554712,308.8319018,8472.277522
2010-12-25,2629,NA,NA,NA,4170.360373,76.51355261,8264.207193
2010-12-26,3010,NA,NA,NA,4025.315326,-71.80726006,8122.437913
2010-12-27,3749,NA,NA,NA,3990.775911,-96.75118405,8078.303005
2010-12-28,4055,NA,NA,NA,3998.803922,-76.11871359,8073.726557
2010-12-29,3902,NA,NA,NA,3986.703432,-76.16836065,8049.575224
2010-12-30,3761,NA,NA,NA,3958.490503,-94.2647788,8011.245784
2010-12-31,3006,NA,NA,NA,3839.42919,-213.701143,7892.559523
2011-01-01,3163,NA,NA,NA,3754.875541,-294.6804367,7804.431519
2011-01-02,3218,NA,NA,NA,3687.766098,-356.2500569,7731.782254
2011-01-03,4418,NA,NA,NA,3779.045336,-262.2135373,7820.30421
2011-01-04,4790,NA,NA,NA,3905.414669,-137.0793751,7947.908713
2011-01-05,5008,NA,NA,NA,4043.237835,-1.776585469,8088.252256
2011-01-06,5853,NA,NA,NA,4269.458106,211.9912894,8326.924923
2011-01-07,5094,NA,NA,NA,4372.525843,316.5016417,8428.550044
2011-01-08,3732,NA,NA,NA,4292.460112,240.4414182,8344.478807
2011-01-09,3741,NA,NA,NA,4223.527598,176.7298618,8270.325335
2011-01-10,5829,NA,NA,NA,4424.211649,367.9626611,8480.460636
2011-01-11,5063,NA,NA,NA,4504.060193,451.8034517,8556.316933
2011-01-12,5651,NA,NA,NA,4647.427668,592.1248553,8702.730482
2011-01-13,5256,NA,NA,NA,4723.49921,672.5762674,8774.422152
2011-01-14,4629,NA,NA,NA,4711.686809,672.1666527,8751.206965
2011-01-15,3204,NA,NA,NA,4523.225958,475.7163965,8570.735519
2011-01-16,3417,NA,NA,NA,4384.947713,334.9701487,8434.925277
2011-01-17,4687,NA,NA,NA,4422.704249,381.2002834,8464.208214
2011-01-18,5814,NA,NA,NA,4596.616218,548.7796983,8644.452737
2011-01-19,5619,NA,NA,NA,4724.41419,675.2656571,8773.562724
2011-01-20,5307,NA,NA,NA,4797.237417,752.7053006,8841.769533
2011-01-21,4770,NA,NA,NA,4793.83274,761.3416309,8826.323848
2011-01-22,3400,NA,NA,NA,4619.603647,580.7959417,8658.411353
2011-01-23,3698,NA,NA,NA,4504.403191,465.6161924,8543.19019
2011-01-24,5330,NA,NA,NA,4607.602792,570.1130608,8645.092524
2011-01-25,5498,NA,NA,NA,4718.902443,681.8430207,8755.961866
2011-01-26,5911,NA,NA,NA,4867.914638,827.295193,8908.534083
2011-01-27,5528,NA,NA,NA,4950.425308,913.2779897,8987.572627
2011-01-28,4609,NA,NA,NA,4907.747145,878.2376989,8937.25659
2011-01-29,3477,NA,NA,NA,4728.903752,692.7176312,8765.089872
2011-01-30,3464,NA,NA,NA,4570.790783,530.1337136,8611.447852
2011-01-31,5626,NA,NA,NA,4702.691935,660.3209275,8745.062942
2011-02-01,5755,NA,NA,NA,4834.230443,790.1933325,8878.267553
2011-02-02,5697,NA,NA,NA,4942.076638,898.8366286,8985.316647
2011-02-03,5535,NA,NA,NA,5016.192058,977.226976,9055.15714
2011-02-04,4958,NA,NA,NA,5008.918051,981.083483,9036.752618
2011-02-05,3812,NA,NA,NA,4859.303294,827.924205,8890.682384
2011-02-06,3768,NA,NA,NA,4722.890383,689.3385656,8756.442199
2011-02-07,5439,NA,NA,NA,4812.404085,781.4778429,8843.330327
2011-02-08,5480,NA,NA,NA,4895.853574,868.1546407,8923.552507
2011-02-09,5532,NA,NA,NA,4975.371877,951.2803594,8999.463395
2011-02-10,5491,NA,NA,NA,5039.825393,1020.844333,9058.806453
2011-02-11,4697,NA,NA,NA,4996.972219,985.2508704,9008.693567
2011-02-12,3540,NA,NA,NA,4814.850691,796.3404577,8833.360925
2011-02-13,3765,NA,NA,NA,4683.619355,663.4627415,8703.775968
2011-02-14,5535,NA,NA,NA,4790.041936,770.7292259,8809.354645
2011-02-15,6048,NA,NA,NA,4947.286694,923.7453405,8970.828047
2011-02-16,6199,NA,NA,NA,5103.750857,1076.082503,9131.419211
2011-02-17,6038,NA,NA,NA,5220.532,1192.694604,9248.369395
2011-02-18,5502,NA,NA,NA,5255.7155,1235.777581,9275.653418
2011-02-19,3993,NA,NA,NA,5097.876062,1073.700278,9122.051847
2011-02-20,4039,NA,NA,NA,4965.516555,939.6317618,8991.401347
2011-02-21,5329,NA,NA,NA,5010.951985,991.8897267,9030.014244
2011-02-22,6047,NA,NA,NA,5140.457987,1119.960958,9160.955016
2011-02-23,5947,NA,NA,NA,5241.275739,1222.148837,9260.40264
2011-02-24,5975,NA,NA,NA,5332.991271,1316.111823,9349.870719
2011-02-25,5452,NA,NA,NA,5347.867362,1340.672724,9355.062001
2011-02-26,3922,NA,NA,NA,5169.633942,1156.276389,9182.991495
2011-02-27,4551,NA,NA,NA,5092.304699,1082.54724,9102.062159
2011-02-28,6155,NA,NA,NA,5225.141612,1213.62719,9236.656034
2011-03-01,6280,NA,NA,NA,5356.99891,1343.831088,9370.166733
2011-03-02,6047,NA,NA,NA,5443.249047,1432.7982,9453.699893
2011-03-03,5701,NA,NA,NA,5475.467916,1472.872084,9478.063748
2011-03-04,5372,NA,NA,NA,5462.534426,1469.585126,9455.483726
2011-03-05,4096,NA,NA,NA,5291.717623,1293.387188,9290.048058
2011-03-06,3976,NA,NA,NA,5127.25292,1124.171312,9130.334529
2011-03-07,5951,NA,NA,NA,5230.221305,1228.215676,9232.226935
2011-03-08,6117,NA,NA,NA,5341.068642,1339.391907,9342.745377
2011-03-09,6039,NA,NA,NA,5428.310062,1429.17549,9427.444633
2011-03-10,6038,NA,NA,NA,5504.521304,1508.947538,9500.09507
2011-03-11,5412,NA,NA,NA,5492.956141,1506.957823,9478.954459
2011-03-12,4200,NA,NA,NA,5331.336623,1340.894995,9321.778252
2011-03-13,6153,NA,NA,NA,5434.044545,1444.652424,9423.436667
2011-03-14,7218,NA,NA,NA,5657.038977,1657.553171,9656.524784
2011-03-15,6828,NA,NA,NA,5803.409105,1800.959002,9805.859209
2011-03-16,7024,NA,NA,NA,5955.982967,1950.012771,9961.953163
2011-03-17,6534,NA,NA,NA,6028.235096,2026.141923,10030.32827
2011-03-18,5834,NA,NA,NA,6003.955709,2010.114669,9997.79675
2011-03-19,3839,NA,NA,NA,5733.336245,1725.19275,9741.479741
2011-03-20,4503,NA,NA,NA,5579.544215,1567.82109,9591.267339
2011-03-21,6666,NA,NA,NA,5715.351188,1701.702035,9729.000341
2011-03-22,6921,NA,NA,NA,5866.057289,1849.14113,9882.973448
2011-03-23,6536,NA,NA,NA,5949.800128,1935.689956,9963.910301
2011-03-24,6262,NA,NA,NA,5988.825112,1981.54029,9996.109935
2011-03-25,5764,NA,NA,NA,5960.721973,1961.210094,9960.233852
2011-03-26,4122,NA,NA,NA,5730.881727,1720.998317,9740.765136
2011-03-27,4347,NA,NA,NA,5557.896511,1542.783947,9573.009074
2011-03-28,6354,NA,NA,NA,5657.409447,1643.654434,9671.16446
2011-03-29,6403,NA,NA,NA,5750.608266,1738.766221,9762.450311
2011-03-30,6466,NA,NA,NA,5840.032233,1830.428775,9849.635691
2011-03-31,8132,NA,NA,NA,6126.528204,2101.689921,10151.36649
2011-04-01,8186,NA,NA,NA,6383.962178,2346.534626,10421.38973
2011-04-02,4729,NA,NA,NA,6177.091906,2131.596263,10222.58755
2011-04-03,5968,NA,NA,NA,6150.955418,2113.325902,10188.58493
2011-04-04,10469,NA,NA,NA,6690.71099,2615.853867,10765.56811
2011-04-05,8845,NA,NA,NA,6959.997117,2871.7646,11048.22963
2011-04-06,8223,NA,NA,NA,7117.872477,3026.055409,11209.68955
2011-04-07,6838,NA,NA,NA,7082.888417,2998.204123,11167.57271
2011-04-08,6063,NA,NA,NA,6955.402365,2869.781774,11041.02296
2011-04-09,4158,NA,NA,NA,6605.72707,2499.925749,10711.52839
2011-04-10,5826,NA,NA,NA,6508.261186,2404.174669,10612.3477
2011-04-11,7261,NA,NA,NA,6602.353538,2500.264198,10704.44288
2011-04-12,7529,NA,NA,NA,6718.184345,2616.212969,10820.15572
2011-04-13,8540,NA,NA,NA,6945.911302,2834.458377,11057.36423
2011-04-14,7467,NA,NA,NA,7011.047389,2904.072923,11118.02186
2011-04-15,6000,NA,NA,NA,6884.666466,2776.920395,10992.41254
2011-04-16,4530,NA,NA,NA,6590.333158,2467.516723,10713.14959
2011-04-17,4839,NA,NA,NA,6371.416513,2240.009626,10502.8234
2011-04-18,7015,NA,NA,NA,6451.864449,2323.643347,10580.08555
2011-04-19,7075,NA,NA,NA,6529.756393,2404.921772,10654.59101
2011-04-20,6964,NA,NA,NA,6584.036844,2464.563714,10703.50997
2011-04-21,6248,NA,NA,NA,6542.032238,2428.927647,10655.13683
2011-04-22,4969,NA,NA,NA,6345.403208,2225.658541,10465.14788
2011-04-23,3646,NA,NA,NA,6007.977807,1869.835666,10146.11995
2011-04-24,3735,NA,NA,NA,5723.855581,1571.856314,9875.854849
2011-04-25,5659,NA,NA,NA,5715.748634,1572.9595,9858.537768
2011-04-26,6023,NA,NA,NA,5754.155055,1618.013342,9890.296767
2011-04-27,6266,NA,NA,NA,5818.135673,1686.488795,9949.782551
2011-04-28,6659,NA,NA,NA,5923.243714,1792.667439,10053.81999
2011-04-29,5818,NA,NA,NA,5910.088249,1788.167954,10032.00854
2011-04-30,4004,NA,NA,NA,5671.827218,1539.984062,9803.670374
2011-05-01,1467,NA,NA,NA,5146.223816,980.8964441,9311.551188
2011-05-02,3301,NA,NA,NA,4915.570839,741.0923504,9090.049328
2011-05-03,3577,NA,NA,NA,4748.249484,569.8416289,8926.657339
2011-05-04,3848,NA,NA,NA,4635.718299,457.8694558,8813.567141
2011-05-05,3491,NA,NA,NA,4492.628511,312.8487529,8672.40827
2011-05-06,2895,NA,NA,NA,4292.924947,106.6258271,8479.224068
2011-05-07,1195,NA,NA,NA,3905.684329,-302.2979453,8113.666603
2011-05-08,1376,NA,NA,NA,3589.473788,-634.3500261,7813.297602
2011-05-09,3396,NA,NA,NA,3565.289564,-650.7522772,7781.331406
2011-05-10,3401,NA,NA,NA,3544.753369,-663.2487601,7752.755498
2011-05-11,3435,NA,NA,NA,3531.034198,-668.4178598,7730.486255
2011-05-12,3256,NA,NA,NA,3496.654923,-695.9408932,7689.250739
2011-05-13,2631,NA,NA,NA,3388.448058,-803.2222893,7580.118405
2011-05-14,1286,NA,NA,NA,3125.64205,-1077.432715,7328.716816
2011-05-15,1615,NA,NA,NA,2936.811794,-1271.731118,7145.354706
2011-05-16,3491,NA,NA,NA,3006.08532,-1198.41231,7210.582949
2011-05-17,3367,NA,NA,NA,3051.199655,-1147.357939,7249.757248
2011-05-18,3455,NA,NA,NA,3101.674698,-1091.393209,7294.742605
2011-05-19,3270,NA,NA,NA,3122.715361,-1062.56731,7307.998032
2011-05-20,2812,NA,NA,NA,3083.875941,-1095.056387,7262.808268
2011-05-21,1428,NA,NA,NA,2876.891448,-1308.914254,7062.69715
2011-05-22,1481,NA,NA,NA,2702.405017,-1487.698715,6892.508749
2011-05-23,3318,NA,NA,NA,2779.35439,-1407.408101,6966.116881
2011-05-24,3321,NA,NA,NA,2847.060091,-1335.655489,7029.775672
2011-05-25,3417,NA,NA,NA,2918.30258,-1260.65916,7097.264319
2011-05-26,3130,NA,NA,NA,2944.764757,-1226.984597,7116.514112
2011-05-27,2755,NA,NA,NA,2921.044163,-1243.31243,7085.400755
2011-05-28,1205,NA,NA,NA,2706.538642,-1465.198384,6878.275669
2011-05-29,1266,NA,NA,NA,2526.471312,-1649.958709,6702.901333
2011-05-30,1684,NA,NA,NA,2421.162398,-1754.189342,6596.514138
2011-05-31,3152,NA,NA,NA,2512.517098,-1660.690042,6685.724239
2011-06-01,3070,NA,NA,NA,2582.202461,-1587.209889,6751.614811
2011-06-02,2927,NA,NA,NA,2625.302153,-1538.30032,6788.904627
2011-06-03,2254,NA,NA,NA,2578.889384,-1579.18116,6736.959929
2011-06-04,1126,NA,NA,NA,2397.278211,-1765.571291,6560.127713
2011-06-05,1277,NA,NA,NA,2257.243435,-1907.207733,6421.694602
2011-06-06,3277,NA,NA,NA,2384.713005,-1780.380984,6549.806995
2011-06-07,3278,NA,NA,NA,2496.37388,-1668.165113,6660.912873
2011-06-08,3281,NA,NA,NA,2594.452145,-1568.509694,6757.413983
2011-06-09,3903,NA,NA,NA,2758.020627,-1408.300212,6924.341465
2011-06-10,2783,NA,NA,NA,2761.143048,-1396.471704,6918.757801
2011-06-11,1173,NA,NA,NA,2562.625167,-1600.964984,6726.215318
2011-06-12,1347,NA,NA,NA,2410.672021,-1755.385587,6576.729629
2011-06-13,3197,NA,NA,NA,2508.963019,-1655.546886,6673.472924
2011-06-14,3312,NA,NA,NA,2609.342641,-1553.781683,6772.466965
2011-06-15,5189,NA,NA,NA,2931.799811,-1246.447393,7110.047015
2011-06-16,4801,NA,NA,NA,3165.449835,-1021.270894,7352.170564
2011-06-17,3565,NA,NA,NA,3215.393605,-966.1713332,7396.958544
2011-06-18,1393,NA,NA,NA,2987.594405,-1201.969283,7177.158093
2011-06-19,1394,NA,NA,NA,2788.395104,-1407.026293,6983.816501
2011-06-20,3424,NA,NA,NA,2867.845716,-1324.603727,7060.295159
2011-06-21,3204,NA,NA,NA,2909.865002,-1276.878415,7096.608419
2011-06-22,3321,NA,NA,NA,2961.256876,-1220.490667,7143.004419
2011-06-23,3146,NA,NA,NA,2984.349767,-1190.354986,7159.05452
2011-06-24,2496,NA,NA,NA,2923.306046,-1247.15251,7093.764602
2011-06-25,1170,NA,NA,NA,2704.14279,-1473.592804,6881.878385
2011-06-26,1354,NA,NA,NA,2535.374941,-1645.948078,6716.697961
2011-06-27,3051,NA,NA,NA,2599.828074,-1577.508479,6777.164627
2011-06-28,2939,NA,NA,NA,2642.224565,-1529.54699,6813.996119
2011-06-29,2890,NA,NA,NA,2673.196494,-1492.208557,6838.601545
2011-06-30,2873,NA,NA,NA,2698.171932,-1460.46097,6856.804834
2011-07-01,2454,NA,NA,NA,2667.650441,-1484.63671,6819.937592
2011-07-02,1092,NA,NA,NA,2470.694136,-1687.210195,6628.598466
2011-07-03,1040,NA,NA,NA,2291.857369,-1870.344267,6454.059005
2011-07-04,1492,NA,NA,NA,2191.875198,-1968.973733,6352.724128
2011-07-05,3074,NA,NA,NA,2302.140798,-1858.093972,6462.375568
2011-07-06,3666,NA,NA,NA,2472.623198,-1691.283623,6636.530019
2011-07-07,3320,NA,NA,NA,2578.545298,-1584.435289,6741.525886
2011-07-08,2629,NA,NA,NA,2584.852136,-1570.148206,6739.852478
2011-07-09,1097,NA,NA,NA,2398.870619,-1760.885991,6558.627229
2011-07-10,1327,NA,NA,NA,2264.886792,-1895.937716,6425.7113
2011-07-11,3417,NA,NA,NA,2408.900943,-1753.693526,6571.495412
2011-07-12,4004,NA,NA,NA,2608.288325,-1559.96069,6776.53734
2011-07-13,3761,NA,NA,NA,2752.377284,-1417.624967,6922.379535
2011-07-14,3779,NA,NA,NA,2880.705124,-1289.940071,7051.350319
2011-07-15,3920,NA,NA,NA,3010.616983,-1160.779249,7182.013216
2011-07-16,1426,NA,NA,NA,2812.53986,-1364.356976,6989.436697
2011-07-17,1584,NA,NA,NA,2658.972378,-1520.306099,6838.250855
2011-07-18,3836,NA,NA,NA,2806.100831,-1375.102681,6987.304342
2011-07-19,3611,NA,NA,NA,2906.713227,-1273.18381,7086.610263
2011-07-20,6556,NA,NA,NA,3362.874073,-840.3149249,7566.063072
2011-07-21,10605,NA,NA,NA,4268.139814,10.74743935,8525.532189
2011-07-22,5279,NA,NA,NA,4394.497337,136.7799214,8652.214754
2011-07-23,1665,NA,NA,NA,4053.31017,-219.5031858,8326.123526
2011-07-24,1661,NA,NA,NA,3754.271399,-530.6861603,8039.228958
2011-07-25,4758,NA,NA,NA,3879.737474,-405.4282164,8164.903165
2011-07-26,4214,NA,NA,NA,3921.52029,-358.1321836,8201.172763
2011-07-27,3835,NA,NA,NA,3910.705254,-361.3426853,8182.753193
2011-07-28,3428,NA,NA,NA,3850.367097,-417.4780941,8118.212288
2011-07-29,2701,NA,NA,NA,3706.69621,-562.625944,7976.018364
2011-07-30,1249,NA,NA,NA,3399.484184,-882.4021151,7681.370482
2011-07-31,1364,NA,NA,NA,3145.048661,-1145.780302,7435.877623
2011-08-01,3282,NA,NA,NA,3162.167578,-1121.534614,7445.86977
2011-08-02,3992,NA,NA,NA,3265.896631,-1016.547015,7548.340277
2011-08-03,3494,NA,NA,NA,3294.409552,-981.7177647,7570.536869
2011-08-04,3813,NA,NA,NA,3359.233358,-913.0411868,7631.507903
2011-08-05,2784,NA,NA,NA,3287.329188,-981.5820834,7556.24046
2011-08-06,1483,NA,NA,NA,3061.78804,-1214.054454,7337.630533
2011-08-07,1372,NA,NA,NA,2850.564535,-1431.226394,7132.355463
2011-08-08,3294,NA,NA,NA,2905.993968,-1371.336464,7183.3244
2011-08-09,3087,NA,NA,NA,2928.619722,-1342.084419,7199.323863
2011-08-10,3030,NA,NA,NA,2941.292257,-1322.149711,7204.734224
2011-08-11,2952,NA,NA,NA,2942.630725,-1312.825267,7198.086716
2011-08-12,2507,NA,NA,NA,2888.176884,-1362.837573,7139.191341
2011-08-13,1141,NA,NA,NA,2669.779774,-1587.636352,6927.195899
2011-08-14,1245,NA,NA,NA,2491.682302,-1769.455096,6752.819699
2011-08-15,3178,NA,NA,NA,2577.472014,-1681.299787,6836.243815
2011-08-16,3258,NA,NA,NA,2662.538012,-1593.829545,6918.905569
2011-08-17,3070,NA,NA,NA,2713.470761,-1538.264359,6965.205881
2011-08-18,3182,NA,NA,NA,2772.036916,-1475.582467,7019.656298
2011-08-19,2769,NA,NA,NA,2771.657301,-1468.062206,7011.376809
2011-08-20,1143,NA,NA,NA,2568.075139,-1677.01803,6813.168308
2011-08-21,1213,NA,NA,NA,2398.690746,-1849.531346,6646.912838
2011-08-22,2982,NA,NA,NA,2471.604403,-1773.470668,6716.679474
2011-08-23,3125,NA,NA,NA,2553.278853,-1689.228683,6795.786388
2011-08-24,3231,NA,NA,NA,2637.993996,-1602.152213,6878.140205
2011-08-25,3088,NA,NA,NA,2694.244747,-1541.710743,6930.200236
2011-08-26,2578,NA,NA,NA,2679.714153,-1549.376908,6908.805215
2011-08-27,1265,NA,NA,NA,2502.874884,-1729.819639,6735.569407
2011-08-28,1477,NA,NA,NA,2374.640524,-1858.522822,6607.803869
2011-08-29,3160,NA,NA,NA,2472.810458,-1758.892786,6704.513702
2011-08-30,3125,NA,NA,NA,2554.334151,-1674.849213,6783.517515
2011-08-31,3199,NA,NA,NA,2634.917382,-1591.695234,6861.529998
2011-09-01,2819,NA,NA,NA,2657.927709,-1562.453119,6878.308538
2011-09-02,2456,NA,NA,NA,2632.686746,-1581.626906,6847.000397
2011-09-03,1008,NA,NA,NA,2429.600902,-1789.964457,6649.166262
2011-09-04,1215,NA,NA,NA,2277.77579,-1943.772022,6499.323601
2011-09-05,1881,NA,NA,NA,2228.178816,-1988.874143,6445.231774
2011-09-06,3350,NA,NA,NA,2368.406464,-1849.893633,6586.706561
2011-09-07,3391,NA,NA,NA,2496.230656,-1722.529886,6714.991197
2011-09-08,3323,NA,NA,NA,2599.576824,-1618.101623,6817.255271
2011-09-09,2743,NA,NA,NA,2617.504721,-1593.728121,6828.737563
2011-09-10,1309,NA,NA,NA,2453.941631,-1760.003532,6667.886794
2011-09-11,1595,NA,NA,NA,2346.573927,-1866.555358,6559.703212
2011-09-12,3475,NA,NA,NA,2487.627186,-1726.794483,6702.048855
2011-09-13,3626,NA,NA,NA,2629.923788,-1585.863228,6845.710803
2011-09-14,3697,NA,NA,NA,2763.308314,-1453.284166,6979.900795
2011-09-15,3513,NA,NA,NA,2857.019775,-1357.908955,7071.948506
2011-09-16,2958,NA,NA,NA,2869.642303,-1338.596462,7077.881069
2011-09-17,1353,NA,NA,NA,2680.062015,-1532.472452,6892.596482
2011-09-18,1786,NA,NA,NA,2568.304263,-1643.698378,6780.306905
2011-09-19,4057,NA,NA,NA,2754.39123,-1461.669685,6970.452146
2011-09-20,4153,NA,NA,NA,2929.217327,-1290.193681,7148.628334
2011-09-21,4109,NA,NA,NA,3076.690161,-1144.376626,7297.756947
2011-09-22,4052,NA,NA,NA,3198.603891,-1022.543446,7419.751228
2011-09-23,3363,NA,NA,NA,3219.153404,-995.8609828,7434.167792
2011-09-24,1583,NA,NA,NA,3014.634229,-1205.525537,7234.793995
2011-09-25,1927,NA,NA,NA,2878.67995,-1342.419153,7099.779053
2011-09-26,4139,NA,NA,NA,3036.219956,-1187.131413,7259.571326
2011-09-27,4147,NA,NA,NA,3175.067462,-1049.390536,7399.52546
2011-09-28,3940,NA,NA,NA,3270.684029,-952.2498749,7493.617933
2011-09-29,3960,NA,NA,NA,3356.848526,-863.9932181,7577.690269
2011-09-30,3075,NA,NA,NA,3321.61746,-894.0551585,7537.290078
2011-10-01,1494,NA,NA,NA,3093.165277,-1129.036104,7315.366659
2011-10-02,1821,NA,NA,NA,2934.144618,-1290.37318,7158.662416
2011-10-03,3693,NA,NA,NA,3029.00154,-1193.959415,7251.962496
2011-10-04,3726,NA,NA,NA,3116.126348,-1104.818125,7337.070821
2011-10-05,3671,NA,NA,NA,3185.485554,-1032.382809,7403.353917
2011-10-06,3550,NA,NA,NA,3231.04986,-982.3268631,7444.426583
2011-10-07,3193,NA,NA,NA,3226.293628,-980.1653031,7432.752558
2011-10-08,1421,NA,NA,NA,3000.631924,-1212.126837,7213.390685
2011-10-09,1669,NA,NA,NA,2834.177934,-1381.328921,7049.684788
2011-10-10,3364,NA,NA,NA,2900.405692,-1311.874062,7112.685446
2011-10-11,4031,NA,NA,NA,3041.72998,-1171.796073,7255.256034
2011-10-12,3952,NA,NA,NA,3155.513733,-1057.620634,7368.6481
2011-10-13,3762,NA,NA,NA,3231.324516,-979.1706684,7441.819701
2011-10-14,3022,NA,NA,NA,3205.158952,-999.7708606,7410.088764
2011-10-15,1459,NA,NA,NA,2986.889083,-1223.832493,7197.610658
2011-10-16,1826,NA,NA,NA,2841.777947,-1370.405191,7053.961086
2011-10-17,3981,NA,NA,NA,2984.180704,-1229.299768,7197.661176
2011-10-18,4373,NA,NA,NA,3157.783116,-1058.82253,7374.388762
2011-10-19,4177,NA,NA,NA,3285.185226,-931.8265639,7502.197017
2011-10-20,3695,NA,NA,NA,3336.412073,-876.5460848,7549.370231
2011-10-21,3057,NA,NA,NA,3301.485564,-906.4800558,7509.451184
2011-10-22,1574,NA,NA,NA,3085.549869,-1127.998724,7299.098461
2011-10-23,1913,NA,NA,NA,2938.981135,-1276.092178,7154.054448
2011-10-24,4041,NA,NA,NA,3076.733493,-1139.346895,7292.813882
2011-10-25,3996,NA,NA,NA,3191.641806,-1024.116377,7407.39999
2011-10-26,3776,NA,NA,NA,3264.686581,-948.324598,7477.697759
2011-10-27,3810,NA,NA,NA,3332.850758,-877.1401479,7542.841664
2011-10-28,3026,NA,NA,NA,3294.494413,-910.7646134,7499.75344
2011-10-29,1588,NA,NA,NA,3081.182612,-1129.448168,7291.813391
2011-10-30,1911,NA,NA,NA,2934.909785,-1277.215926,7147.035496
2011-10-31,3683,NA,NA,NA,3028.421062,-1182.162397,7239.004522
2011-11-01,4297,NA,NA,NA,3186.993429,-1025.785849,7399.772708
2011-11-02,4092,NA,NA,NA,3300.119251,-912.2453377,7512.483839
2011-11-03,3762,NA,NA,NA,3357.854344,-850.9291389,7566.637828
2011-11-04,3227,NA,NA,NA,3341.497551,-861.353965,7544.349068
2011-11-05,1677,NA,NA,NA,3133.435357,-1074.431347,7341.302061
2011-11-06,2197,NA,NA,NA,3016.380938,-1191.30534,7224.067216
2011-11-07,4364,NA,NA,NA,3184.83332,-1025.593456,7395.260097
2011-11-08,4475,NA,NA,NA,3346.104155,-866.6468553,7558.855166
2011-11-09,4192,NA,NA,NA,3451.841136,-760.0814658,7663.763738
2011-11-10,5480,NA,NA,NA,3705.360994,-514.0919348,7924.813923
2011-11-11,3475,NA,NA,NA,3676.56587,-537.707021,7890.838761
2011-11-12,2031,NA,NA,NA,3470.870136,-748.2096433,7689.949915
2011-11-13,2319,NA,NA,NA,3326.886369,-893.5123043,7547.285042
2011-11-14,4517,NA,NA,NA,3475.650573,-746.3313243,7697.63247
2011-11-15,4481,NA,NA,NA,3601.319251,-620.9453732,7823.583876
2011-11-16,4282,NA,NA,NA,3686.404345,-533.8694215,7906.678111
2011-11-17,4431,NA,NA,NA,3779.478802,-439.2571566,7998.21476
2011-11-18,3485,NA,NA,NA,3742.668952,-471.3933367,7956.73124
2011-11-19,1703,NA,NA,NA,3487.710333,-733.8511425,7709.271808
2011-11-20,2099,NA,NA,NA,3314.121541,-910.3875434,7538.630625
2011-11-21,4234,NA,NA,NA,3429.106348,-795.0852109,7653.297908
2011-11-22,3840,NA,NA,NA,3480.468055,-739.8779706,7700.81408
2011-11-23,2799,NA,NA,NA,3395.284548,-823.1011558,7613.670252
2011-11-24,2101,NA,NA,NA,3233.498979,-987.1680975,7454.166056
2011-11-25,1937,NA,NA,NA,3071.436607,-1151.519927,7294.393141
2011-11-26,1577,NA,NA,NA,2884.632031,-1341.970493,7111.234555
2011-11-27,1974,NA,NA,NA,2770.803027,-1455.41807,6997.024125
2011-11-28,4250,NA,NA,NA,2955.702649,-1274.043199,7185.448496
2011-11-29,4295,NA,NA,NA,3123.114818,-1109.185387,7355.415023
2011-11-30,4052,NA,NA,NA,3239.225466,-992.8111595,7471.262091
2011-12-01,3778,NA,NA,NA,3306.572282,-922.5348145,7535.679379
2011-12-02,4805,NA,NA,NA,3493.875747,-738.860857,7726.612351
2011-12-03,13387,NA,NA,NA,4730.516279,436.9546247,9024.077933
2011-12-04,7471,NA,NA,NA,5073.076744,767.5461091,9378.607379
2011-12-05,9301,NA,NA,NA,5601.567151,1273.999818,9929.134484
2011-12-06,12361,NA,NA,NA,6446.496257,2079.789465,10813.20305
2011-12-07,8571,NA,NA,NA,6712.059225,2337.723954,11086.3945
2011-12-08,6862,NA,NA,NA,6730.801822,2362.213606,11099.39004
2011-12-09,4570,NA,NA,NA,6460.701594,2084.26628,10837.13691
2011-12-10,2128,NA,NA,NA,5919.113895,1520.214583,10318.01321
2011-12-11,2705,NA,NA,NA,5517.349658,1103.584425,9931.114891
2011-12-12,4944,NA,NA,NA,5445.680951,1034.842539,9856.519363
2011-12-13,5433,NA,NA,NA,5444.095832,1039.937419,9848.254245
2011-12-14,4303,NA,NA,NA,5301.458853,896.3997721,9706.517934
2011-12-15,3822,NA,NA,NA,5116.526496,708.3059883,9524.747004
2011-12-16,2954,NA,NA,NA,4846.210684,430.2759275,9262.145441
2011-12-17,1293,NA,NA,NA,4402.059349,-30.84089886,8834.959596
2011-12-18,1560,NA,NA,NA,4046.80193,-398.2765662,8491.880426
2011-12-19,3468,NA,NA,NA,3974.451689,-467.7197861,8416.623164
2011-12-20,3288,NA,NA,NA,3888.645228,-551.3427186,8328.633174
2011-12-21,3024,NA,NA,NA,3780.564574,-658.4276674,8219.556816
2011-12-22,2603,NA,NA,NA,3633.369002,-806.7016851,8073.43969
2011-12-23,1612,NA,NA,NA,3380.697877,-1066.0245,7827.420255
2011-12-24,955,NA,NA,NA,3077.485643,-1378.536442,7533.507727
2011-12-25,953,NA,NA,NA,2811.924937,-1651.3842,7275.234074
2011-12-26,1482,NA,NA,NA,2645.68432,-1819.66258,7111.03122
2011-12-27,2471,NA,NA,NA,2623.84878,-1835.940908,7083.638468
2011-12-28,2524,NA,NA,NA,2611.367683,-1842.390594,7065.125959
2011-12-29,2248,NA,NA,NA,2565.946722,-1883.524093,7015.417537
2011-12-30,1912,NA,NA,NA,2484.203382,-1962.893062,6931.299826
2011-12-31,1336,NA,NA,NA,2340.677959,-2107.278624,6788.634543
2012-01-01,1273,NA,NA,NA,2207.218214,-2241.07091,6655.507338
2012-01-02,2155,NA,NA,NA,2200.690938,-2241.318671,6642.700546
2012-01-03,3440,NA,NA,NA,2355.60457,-2087.861156,6799.070297
2012-01-04,6405,NA,NA,NA,2861.778999,-1601.379071,7324.937069
2012-01-05,6726,NA,NA,NA,3344.806624,-1136.785236,7826.398485
2012-01-06,3067,NA,NA,NA,3310.080796,-1166.679425,7786.841018
2012-01-07,1530,NA,NA,NA,3087.570697,-1394.080357,7569.22175
2012-01-08,1602,NA,NA,NA,2901.87436,-1582.752683,7386.501402
2012-01-09,3998,NA,NA,NA,3038.890065,-1446.194891,7523.97502
2012-01-10,4251,NA,NA,NA,3190.403807,-1295.883937,7676.69155
2012-01-11,4305,NA,NA,NA,3329.728331,-1157.132204,7816.588865
2012-01-12,3941,NA,NA,NA,3406.137289,-1078.065552,7890.34013
2012-01-13,3515,NA,NA,NA,3419.745128,-1058.589589,7898.079846
2012-01-14,1494,NA,NA,NA,3179.026987,-1305.077906,7663.13188
2012-01-15,1737,NA,NA,NA,2998.773614,-1487.995167,7485.542395
2012-01-16,3190,NA,NA,NA,3022.676912,-1458.770946,7504.12477
2012-01-17,4753,NA,NA,NA,3238.967298,-1246.976507,7724.911103
2012-01-18,4316,NA,NA,NA,3373.596386,-1112.676015,7859.868787
2012-01-19,5948,NA,NA,NA,3695.396838,-800.7111854,8191.504861
2012-01-20,4319,NA,NA,NA,3773.347233,-720.1986971,8266.893163
2012-01-21,1935,NA,NA,NA,3543.553829,-955.1284589,8042.236116
2012-01-22,2229,NA,NA,NA,3379.2346,-1121.257645,7879.726846
2012-01-23,4690,NA,NA,NA,3543.080275,-959.1927875,8045.353338
2012-01-24,4760,NA,NA,NA,3695.195241,-808.2619008,8198.652382
2012-01-25,4906,NA,NA,NA,3846.545836,-658.0534838,8351.145155
2012-01-26,5194,NA,NA,NA,4014.977606,-491.6195763,8521.574789
2012-01-27,4435,NA,NA,NA,4067.480405,-435.2875099,8570.248321
2012-01-28,2421,NA,NA,NA,3861.670355,-644.9665919,8368.307301
2012-01-29,2627,NA,NA,NA,3707.33656,-800.5808524,8215.253973
2012-01-30,5260,NA,NA,NA,3901.41949,-609.762187,8412.601168
2012-01-31,5082,NA,NA,NA,4048.992054,-463.1223737,8561.106482
2012-02-01,5392,NA,NA,NA,4216.868047,-297.1887527,8730.924847
2012-02-02,4779,NA,NA,NA,4287.134541,-223.999457,8798.26854
2012-02-03,4017,NA,NA,NA,4253.367724,-253.037162,8759.772609
2012-02-04,1831,NA,NA,NA,3950.571758,-564.4734876,8465.617004
2012-02-05,2160,NA,NA,NA,3726.750288,-792.9956744,8246.496251
2012-02-06,4850,NA,NA,NA,3867.156502,-653.1474116,8387.460416
2012-02-07,4982,NA,NA,NA,4006.51194,-514.2964044,8527.320284
2012-02-08,5456,NA,NA,NA,4187.697947,-335.6783826,8711.074277
2012-02-09,4905,NA,NA,NA,4277.360704,-244.0646685,8798.786076
2012-02-10,3861,NA,NA,NA,4225.315616,-292.3125029,8742.943734
2012-02-11,2175,NA,NA,NA,3969.026164,-554.8554699,8492.907798
2012-02-12,6299,NA,NA,NA,4260.272893,-271.5607094,8792.106496
2012-02-13,7760,NA,NA,NA,4697.738782,150.8078786,9244.669685
2012-02-14,5930,NA,NA,NA,4851.771434,303.6598149,9399.883053
2012-02-15,5582,NA,NA,NA,4943.050005,396.8285555,9489.271454
2012-02-16,4991,NA,NA,NA,4949.043754,408.8703387,9489.21717
2012-02-17,4407,NA,NA,NA,4881.288285,344.1353875,9418.441182
2012-02-18,2125,NA,NA,NA,4536.752249,-10.86185578,9084.366354
2012-02-19,2410,NA,NA,NA,4270.908218,-283.31273,8825.129166
2012-02-20,4227,NA,NA,NA,4265.419691,-282.7511567,8813.590538
2012-02-21,5177,NA,NA,NA,4379.367229,-168.0279851,8926.762444
2012-02-22,5410,NA,NA,NA,4508.196326,-39.14580876,9055.53846
2012-02-23,4884,NA,NA,NA,4555.171785,11.83959673,9098.503973
2012-02-24,3814,NA,NA,NA,4462.525312,-79.01279968,9004.063424
2012-02-25,1970,NA,NA,NA,4150.959648,-399.3432848,8701.262581
2012-02-26,2384,NA,NA,NA,3930.089692,-624.5875813,8484.766965
2012-02-27,4867,NA,NA,NA,4047.20348,-506.8478385,8601.254799
2012-02-28,4658,NA,NA,NA,4123.553045,-427.9169066,8675.022997
2012-02-29,4874,4158.298862,379.5981178,7936.999607,4217.358915,-332.3736886,8767.091518
2012-03-01,4357,4229.868976,453.0853314,8006.652621,4234.81405,-309.5303137,8779.158414
2012-03-02,3499,4242.582078,468.3555199,8016.808637,4142.837294,-399.696745,8685.371333
2012-03-03,1839,4168.223871,395.9718353,7940.475906,3854.857632,-695.2299595,8404.945224
2012-03-04,4817,3935.301483,159.3033694,7711.299598,3975.125428,-574.4979745,8524.748831
2012-03-05,5684,4023.471335,249.0403881,7797.902282,4188.73475,-364.8705617,8742.340061
2012-03-06,4680,4189.524202,414.2262055,7964.822198,4250.142906,-300.1956665,8800.481479
2012-03-07,4365,4238.571781,465.5157363,8011.627827,4264.500043,-280.3462112,8809.346297
2012-03-08,16284,4251.214603,480.6926403,8021.736566,5766.937537,1156.995801,10376.87927
2012-03-09,8085,5454.493143,1516.707763,9392.278523,6056.695345,1439.268383,10674.12231
2012-03-10,3127,5717.543829,1774.448017,9660.63964,5690.483427,1061.975398,10318.99146
2012-03-11,2885,5458.489446,1510.504993,9406.473899,5339.797999,700.9721797,9978.623818
2012-03-12,6125,5201.140501,1248.406119,9153.874883,5437.948249,800.7444879,10075.15201
2012-03-13,7160,5293.526451,1342.45425,9244.598653,5653.204718,1012.102205,10294.30723
2012-03-14,5401,5480.173806,1527.752735,9432.594877,5621.679128,985.3315975,10258.02666
2012-03-15,5290,5472.256425,1522.491387,9422.021464,5580.219237,948.1472117,10212.29126
2012-03-16,4233,5454.030783,1506.889559,9401.172007,5411.816832,778.0531018,10045.58056
2012-03-17,2517,5331.927705,1385.798109,9278.0573,5049.964728,405.4499135,9694.479543
2012-03-18,3430,5050.434934,1098.144976,9002.724892,4847.469137,199.6885058,9495.249769
2012-03-19,5608,4888.391441,935.8754132,8840.907468,4942.535495,296.5178251,9588.553165
2012-03-20,5568,4960.352297,1009.861023,8910.84357,5020.718558,377.2470355,9664.190081
2012-03-21,5399,5021.117067,1072.819794,8969.41434,5068.003738,428.5115635,9707.495913
2012-03-22,6425,5058.90536,1113.062968,9004.747752,5237.628271,596.4108748,9878.845668
2012-03-23,5282,5195.514824,1250.149833,9140.879815,5243.174737,607.8631724,9878.486302
2012-03-24,2407,5204.163342,1261.410108,9146.916576,4888.652895,243.0323741,9534.273416
2012-03-25,2890,4924.447008,975.7007645,8873.193251,4638.821283,-12.22769592,9289.870262
2012-03-26,6397,4721.002307,770.3695821,8671.635032,4858.593623,203.5221795,9513.665066
2012-03-27,5452,4888.602076,937.3722032,8839.831949,4932.76942,280.4178162,9585.121024
2012-03-28,4926,4944.941869,995.9449281,8893.938809,4931.923242,285.6702342,9578.176251
2012-03-29,4721,4943.047682,996.6599139,8889.43545,4905.557837,264.2105784,9546.905096
2012-03-30,3728,4920.842914,977.0147604,8864.671067,4758.363108,116.3441799,9400.382035
2012-03-31,2224,4801.558622,858.8117529,8744.305491,4441.567719,-208.9214052,9092.056843
2012-04-01,2637,4543.80276,596.4411349,8491.164385,4215.996754,-438.7502371,8870.743745
2012-04-02,4909,4353.122484,404.4574735,8301.787494,4302.62216,-349.997888,8955.242208
2012-04-03,5011,4408.710236,462.2595043,8355.160967,4391.16939,-259.4173242,9041.756104
2012-04-04,4763,4468.939212,524.6370677,8413.241356,4437.648216,-208.9857819,9084.282214
2012-04-05,4155,4498.345291,556.5112876,8440.179294,4402.317189,-239.865049,9044.499427
2012-04-06,3489,4464.010762,524.6442882,8403.377235,4288.152541,-353.1869082,8929.491989
2012-04-07,2187,4366.509686,428.7300613,8304.28931,4025.508473,-621.7570212,8672.773967
2012-04-08,2497,4148.558717,208.2744679,8088.842966,3834.444914,-815.473323,8484.363151
2012-04-09,4876,3983.402845,42.8119749,7923.993716,3964.6393,-685.158009,8614.436608
2012-04-10,5190,4072.662561,133.6953567,8011.629765,4117.809387,-532.9103024,8768.529077
2012-04-11,5028,4184.396305,246.5419099,8122.250699,4231.583214,-418.2703673,8881.436795
2012-04-12,25945,4268.756674,332.6209679,8204.892381,6945.760312,2179.029183,11712.49144
2012-04-13,10784,6436.381007,2018.542356,10854.21966,7425.540273,2643.272235,12207.80831
2012-04-14,3160,6871.142906,2437.832678,11304.45313,6892.347739,2092.170706,11692.52477
2012-04-15,3710,6500.028616,2056.271556,10943.78567,6494.554272,1682.621318,11306.48722
2012-04-16,6651,6221.025754,1772.656338,10669.39517,6514.109988,1707.48911,11320.73087
2012-04-17,5884,6264.023179,1818.339269,10709.70709,6435.346239,1631.360181,11239.3323
2012-04-18,5965,6226.020861,1783.063222,10668.9785,6376.552959,1576.092218,11177.0137
2012-04-19,5389,6199.918775,1759.754476,10640.08307,6253.108839,1453.263375,11052.9543
2012-04-20,4102,6118.826897,1680.891173,10556.76262,5984.220234,1178.470474,10789.97
2012-04-21,2476,5917.144207,1478.184087,10356.10433,5545.692705,726.4612132,10364.9242
2012-04-22,3222,5573.029787,1125.660324,10020.39925,5255.231117,429.1708587,10081.29138
2012-04-23,5514,5337.926808,888.1946442,9787.658972,5287.577227,466.2286354,10108.92582
2012-04-24,5197,5355.534127,908.6091777,9802.459077,5276.255074,460.5435179,10091.96663
2012-04-25,4807,5339.680715,895.5733724,9783.788057,5217.59819,405.4015454,10029.79483
2012-04-26,4468,5286.412643,844.8832321,9727.942054,5123.898416,313.6492997,9934.147532
2012-04-27,3565,5204.571379,765.2579721,9643.884785,4929.036114,116.2363233,9741.835905
2012-04-28,2250,5040.614241,601.6268563,9479.601625,4594.1566,-227.3985563,9415.711756
2012-04-29,2254,4761.552817,318.1122883,9204.993345,4301.637025,-526.7746249,9130.048674
2012-04-30,4028,4510.797535,64.34159528,8957.253475,4267.432397,-556.3885454,9091.253339
2012-05-01,4311,4462.517782,18.68041468,8906.355149,4272.878347,-545.092579,9090.849273
2012-05-02,4779,4447.366003,6.323912,8888.408095,4336.143554,-478.5440323,9150.83114
2012-05-03,4172,4480.529403,42.17051475,8918.888291,4315.625609,-493.9025816,9125.153801
2012-05-04,3335,4449.676463,14.04212826,8885.310797,4193.047408,-615.8275864,9001.922403
2012-05-05,1718,4338.208817,-95.74472236,8772.162355,3883.666482,-932.7706448,8700.103609
2012-05-06,1805,4076.187935,-361.2892057,8513.665075,3623.833172,-1197.971243,8445.637587
2012-05-07,3788,3849.069141,-590.3245255,8288.462808,3644.354025,-1172.308066,8461.016117
2012-05-08,3738,3842.962227,-593.6461598,8279.570614,3656.059772,-1155.086723,8467.206268
2012-05-09,3659,3832.466005,-601.3663209,8266.29833,3656.427301,-1148.721341,8461.575943
2012-05-10,3571,3815.119404,-615.9554696,8246.194278,3645.748888,-1153.867414,8445.36519
2012-05-11,2936,3790.707464,-637.6380862,8219.053013,3557.030277,-1240.473226,8354.53378
2012-05-12,1382,3705.236717,-720.9715406,8131.444975,3285.151493,-1518.227794,8088.530779
2012-05-13,1474,3472.913046,-955.4176261,7901.243717,3058.757556,-1748.502835,7866.017947
2012-05-14,3654,3273.021741,-1156.130771,7702.174253,3133.162861,-1671.360791,7937.686514
2012-05-15,3777,3311.119567,-1115.443738,7737.682872,3213.642504,-1588.414975,8015.699982
2012-05-16,4323,3357.70761,-1066.34435,7781.75957,3352.312191,-1449.808958,8154.433339
2012-05-17,3656,3454.236849,-968.009828,7876.483526,3390.273167,-1407.549112,8188.095445
2012-05-18,3014,3474.413164,-945.1465877,7893.972916,3343.239021,-1450.68755,8137.165592
2012-05-19,1454,3428.371848,-988.6172847,7845.36098,3107.084143,-1691.128223,7905.29651
2012-05-20,1461,3230.934663,-1186.796813,7648.666139,2901.323626,-1899.85225,7702.499501
2012-05-21,3602,3053.941197,-1363.829147,7471.711541,2988.908172,-1810.130121,7787.946466
2012-05-22,3722,3108.747077,-1306.622855,7524.117009,3080.544651,-1716.535756,7877.625058
2012-05-23,4253,3170.072369,-1242.976159,7583.120898,3227.101569,-1570.387206,8024.590345
2012-05-24,5283,3278.365132,-1133.138182,7689.868447,3484.088873,-1318.549677,8286.727424
2012-05-25,2968,3478.828619,-933.8252837,7891.482522,3419.577764,-1379.942221,8219.097749
2012-05-26,1416,3427.745757,-982.4059853,7837.8975,3169.130544,-1635.243949,7973.505036
2012-05-27,1652,3226.571182,-1184.461735,7637.604098,2979.489226,-1827.126185,7786.104637
2012-05-28,2167,3069.114063,-1341.380714,7479.608841,2877.928072,-1927.158676,7683.01482
2012-05-29,3859,2978.902657,-1429.57331,7387.378624,3000.562063,-1803.8992,7805.023327
2012-05-30,4089,3066.912391,-1339.655867,7473.480649,3136.616805,-1667.792637,7941.026248
2012-05-31,5776,3169.121152,-1235.800317,7574.042621,3466.539705,-1346.072769,8279.152179
2012-06-01,3548,3429.809037,-978.8559085,7838.473982,3476.722242,-1330.475623,8283.920106
2012-06-02,1896,3441.628133,-964.3768146,7847.633081,3279.131961,-1530.624716,8088.888639
2012-06-03,1696,3287.06532,-1118.338611,7692.469251,3081.240466,-1731.0816,7893.562533
2012-06-04,3907,3127.958788,-1276.967246,7532.884822,3184.460408,-1626.409329,7995.330145
2012-06-05,3812,3205.862909,-1197.007789,7608.733608,3262.902857,-1545.469439,8071.275153
2012-06-06,3616,3266.476618,-1134.110001,7667.063238,3307.04,-1497.390783,8111.470783
2012-06-07,3508,3301.428956,-1096.634747,7699.49266,3332.16,-1467.535885,8131.855885
2012-06-08,2820,3322.086061,-1073.376295,7717.548416,3268.14,-1528.472757,8064.752757
2012-06-09,1277,3271.877455,-1121.127681,7664.88259,3019.2475,-1782.075997,7820.570997
2012-06-10,1425,3072.389709,-1321.441332,7466.220751,2819.966562,-1983.969325,7623.90245
2012-06-11,3532,2907.650738,-1485.874039,7301.175515,2908.970742,-1892.937787,7710.879272
2012-06-12,3543,2970.085664,-1421.203598,7361.374927,2988.224399,-1811.252439,7787.701237
2012-06-13,7853,3027.377098,-1361.620035,7416.374231,3596.321349,-1222.896706,8415.539405
2012-06-14,6889,3509.939388,-897.8418179,7917.720594,4007.906181,-822.7786821,8838.591044
2012-06-15,3308,3847.845449,-567.7953449,8263.486244,3920.417908,-908.1539376,8748.989754
2012-06-16,1319,3793.860904,-619.3689363,8207.090745,3595.24067,-1241.150545,8431.631885
2012-06-17,1569,3546.374814,-869.5641134,7962.313741,3341.960586,-1499.232073,8183.153245
2012-06-18,3938,3348.637333,-1068.039836,7765.314501,3416.465513,-1422.068194,8254.999219
2012-06-19,4390,3407.573599,-1006.823683,7821.970881,3538.157324,-1299.687536,8376.002183
2012-06-20,3797,3505.816239,-906.8836167,7918.516096,3570.512658,-1262.931479,8403.956796
2012-06-21,3431,3534.934615,-875.2370905,7945.106321,3553.073576,-1275.360981,8381.508133
2012-06-22,2770,3524.541154,-883.0149763,7932.097284,3455.189379,-1371.583463,8281.962221
2012-06-23,1264,3449.087039,-956.3141415,7854.488219,3181.290707,-1651.114893,8013.696307
2012-06-24,1397,3230.578335,-1176.323509,7637.480178,2958.254368,-1877.66644,7794.175177
2012-06-25,3881,3047.220501,-1359.936496,7454.377498,3073.597572,-1761.380015,7908.575159
2012-06-26,4012,3130.598451,-1274.635087,7535.83199,3190.897876,-1643.219491,8025.015242
2012-06-27,3503,3218.738606,-1184.649607,7622.126819,3229.910641,-1600.12113,8059.942412
2012-06-28,3536,3247.164745,-1153.719663,7648.049154,3268.171811,-1557.753029,8094.096651
2012-06-29,2705,3276.048271,-1122.339238,7674.43578,3197.775335,-1625.373891,8020.92456
2012-06-30,1262,3218.943444,-1177.106926,7614.993814,2955.803418,-1871.624995,7783.231831
2012-07-01,1312,3023.249099,-1373.473953,7419.972152,2750.327991,-2079.872066,7580.528047
2012-07-02,3348,2852.124189,-1544.483337,7248.731716,2825.036992,-2002.568937,7652.64292
2012-07-03,3484,2901.711771,-1492.575486,7295.999027,2907.407368,-1917.924125,7732.738861
2012-07-04,1840,2959.940593,-1432.118925,7352.000112,2773.981447,-2051.168475,7599.131369
2012-07-05,3598,2847.946534,-1542.568423,7238.461491,2876.983766,-1946.742506,7700.710037
2012-07-06,3589,2922.951881,-1465.553775,7311.457537,2965.985795,-1855.749037,7787.720627
2012-07-07,1681,2989.556693,-1396.830922,7375.944308,2805.362571,-2017.303667,7628.028809
2012-07-08,1647,2858.701023,-1526.542428,7243.944475,2660.567249,-2162.38407,7483.518569
2012-07-09,4538,2737.530921,-1646.360093,7121.421935,2895.246343,-1931.643207,7722.135894
2012-07-10,5307,2917.577829,-1466.757512,7301.91317,3196.71555,-1636.814989,8030.24609
2012-07-11,4497,3156.520046,-1230.461169,7543.501261,3359.251107,-1475.270411,8193.772624
2012-07-12,3926,3290.568041,-1095.538252,7676.674335,3430.094718,-1401.701111,8261.890547
2012-07-13,2683,3354.111237,-1029.85078,7738.073255,3336.707878,-1493.280718,8166.696475
2012-07-14,1329,3287.000114,-1094.775453,7668.77568,3085.744394,-1748.809714,7920.298502
2012-07-15,1411,3091.200102,-1291.264344,7473.664549,2876.401344,-1961.027565,7713.830254
2012-07-16,3398,2923.180092,-1459.101389,7305.461573,2941.601176,-1892.883683,7776.086036
2012-07-17,3324,2970.662083,-1409.32487,7350.649035,2989.401029,-1841.445752,7820.247811
2012-07-18,3769,3005.995875,-1371.603502,7383.595251,3086.850901,-1742.363581,7916.065382
2012-07-19,3377,3082.296287,-1293.347504,7457.940078,3123.119538,-1702.007903,7948.246979
2012-07-20,2707,3111.766658,-1261.459507,7484.992823,3071.104596,-1750.577198,7892.786389
2012-07-21,1649,3071.289993,-1299.540757,7442.120742,2893.341521,-1929.943967,7716.62701
2012-07-22,1885,2929.060993,-1440.923496,7299.045482,2767.298831,-2055.5155,7590.113163
2012-07-23,4400,2824.654894,-1543.698479,7193.008267,2971.386477,-1854.079572,7796.852527
2012-07-24,4301,2982.189405,-1385.938631,7350.31744,3137.588168,-1689.009838,7964.186173
2012-07-25,4058,3114.070464,-1253.165382,7481.30631,3252.639647,-1573.04639,8078.325684
2012-07-26,3892,3208.463418,-1157.117632,7574.044467,3332.559691,-1490.815999,8155.935381
2012-07-27,3240,3276.817076,-1086.72603,7640.360182,3320.989729,-1497.359309,8139.338768
2012-07-28,1457,3273.135368,-1087.922097,7634.192834,3087.991013,-1734.149623,7910.131649
2012-07-29,1872,3091.521831,-1269.788455,7452.832118,2935.992137,-1886.713562,7758.697835
2012-07-30,4342,2969.569648,-1390.463876,7329.603173,3111.74312,-1712.468904,7935.955143
2012-07-31,4138,3106.812684,-1252.470293,7466.09566,3240.02523,-1583.808155,8063.858614
2012-08-01,4891,3209.931415,-1147.868289,7567.731119,3446.397076,-1380.150315,8272.944466
2012-08-02,4782,3378.038274,-979.8399508,7735.916498,3613.347441,-1214.34878,8441.043663
2012-08-03,4267,3518.434446,-838.7635866,7875.632479,3695.054011,-1130.421029,8520.529052
2012-08-04,1824,3593.291002,-761.9723069,7948.55431,3461.17226,-1368.091266,8290.435785
2012-08-05,1886,3416.361901,-939.0296,7771.753403,3264.275727,-1567.31,8095.861455
2012-08-06,4451,3263.325711,-1091.526321,7618.177744,3412.616261,-1419.37479,8244.607313
2012-08-07,4869,3382.09314,-971.5931334,7735.779414,3594.664229,-1239.056809,8428.385266
2012-08-08,4194,3530.783826,-822.4400073,7884.00766,3669.5812,-1161.657652,8500.820052
2012-08-09,4514,3597.105444,-754.0886588,7948.299546,3775.13355,-1054.830743,8605.097843
2012-08-10,3807,3688.794899,-660.7295389,8038.319337,3779.116856,-1045.594863,8603.828576
2012-08-11,1530,3700.615409,-646.4897212,8047.72054,3497.977249,-1332.344285,8328.298784
2012-08-12,1576,3483.553868,-865.0194333,7832.12717,3257.730093,-1576.589574,8092.04976
2012-08-13,3918,3292.798482,-1056.331915,7641.928878,3340.263832,-1491.884364,8172.412027
2012-08-14,4526,3355.318633,-991.7548803,7702.392147,3488.480853,-1344.063605,8321.02531
2012-08-15,4151,3472.38677,-873.5000389,7818.273579,3571.295746,-1259.095011,8401.686503
2012-08-16,3886,3540.248093,-803.6485578,7884.144744,3610.633778,-1215.915422,8437.182978
2012-08-17,3349,3574.823284,-766.7766788,7916.423246,3577.929556,-1244.528643,8400.387754
2012-08-18,1686,3552.240955,-786.9750166,7891.456927,3341.438361,-1484.85417,8167.730892
2012-08-19,1748,3365.61686,-974.0373802,7705.2711,3142.258566,-1686.412014,7970.929146
2012-08-20,5799,3203.855174,-1135.511073,7543.221421,3474.351245,-1361.843779,8310.54627
2012-08-21,4715,3463.369656,-879.4583604,7806.197673,3629.43234,-1207.417158,8466.281837
2012-08-22,4374,3588.532691,-753.2888646,7930.354246,3722.503297,-1112.601044,8557.607639
2012-08-23,4458,3667.079422,-672.9063284,8007.065172,3814.440385,-1018.87885,8647.75962
2012-08-24,3517,3746.17148,-591.9880531,8084.331012,3777.260337,-1052.164722,8606.685396
2012-08-25,1725,3723.254332,-612.5433675,8059.052031,3520.727795,-1313.266883,8354.722473
2012-08-26,2023,3523.428898,-813.2372239,7860.095021,3333.51182,-1502.373468,8169.397108
2012-08-27,4321,3373.386009,-962.7019766,7709.473994,3456.947843,-1378.370825,8292.266511
2012-08-28,4696,3468.147408,-866.3678274,7802.662643,3611.829362,-1224.132043,8447.790768
2012-08-29,4739,3590.932667,-742.5394812,7924.404815,3752.725692,-1083.34033,8588.791715
2012-08-30,4533,3705.7394,-626.525176,8038.003977,3850.259981,-984.2481381,8684.768099
2012-08-31,3352,3788.46546,-542.0425181,8118.973439,3787.977483,-1043.626237,8619.581203
2012-09-01,1709,3744.818914,-583.454824,8073.092652,3528.105298,-1308.158447,8364.369042
2012-09-02,1870,3541.237023,-788.0347722,7870.508818,3320.842135,-1518.061289,8159.74556
2012-09-03,3154,3374.113321,-955.0366746,7703.263316,3299.986869,-1534.435674,8134.409411
2012-09-04,5071,3352.101988,-974.7128656,7678.916843,3521.36351,-1316.233063,8358.960083
2012-09-05,5043,3523.99179,-803.0343504,7851.01793,3711.568071,-1128.00844,8551.144582
2012-09-06,5128,3675.892611,-650.787615,8002.572836,3888.622062,-952.4297889,8729.673914
2012-09-07,3809,3821.10335,-505.0580939,8147.264793,3878.669305,-957.5044736,8714.843083
2012-09-08,2152,3819.893015,-503.9168885,8143.702918,3662.835641,-1176.286081,8501.957364
2012-09-09,2470,3653.103713,-670.590707,7976.798133,3513.731186,-1325.801732,8353.264105
2012-09-10,5357,3534.793342,-787.6576735,7857.244357,3744.139788,-1098.883139,8587.162715
2012-09-11,5483,3717.014008,-605.9549846,8039.983,3961.497315,-884.5142513,8807.50888
2012-09-12,5222,3893.612607,-429.6967488,8216.921963,4119.06015,-727.6735405,8965.793841
2012-09-13,5481,4026.451346,-296.0484476,8348.95114,4289.302631,-558.6303615,9137.235624
2012-09-14,4216,4171.906212,-150.0788627,8493.891286,4280.139802,-562.9147055,9123.19431
2012-09-15,2224,4176.31559,-143.341778,8495.972959,4023.122327,-824.4021024,8870.646757
2012-09-16,2719,3981.084031,-339.3129967,8301.48106,3860.107036,-988.3399855,8708.554058
2012-09-17,5172,3854.875628,-464.4529802,8174.204237,4024.093657,-825.3104914,8873.497805
2012-09-18,5539,3986.588065,-331.9143295,8305.09046,4213.45695,-637.8552577,9064.769157
2012-09-19,5603,4141.829259,-176.4128,8460.071318,4387.149831,-465.4784949,9239.778157
2012-09-20,5523,4287.946333,-29.80112999,8605.693796,4529.131102,-323.6221876,9381.884392
2012-09-21,4150,4411.4517,94.71256456,8728.190835,4481.739714,-367.597474,9331.076903
2012-09-22,2580,4385.30653,70.83232002,8699.780739,4244.02225,-609.0230303,9097.06753
2012-09-23,3132,4204.775877,-109.998592,8519.550346,4105.019469,-748.0386739,8958.077611
2012-09-24,6009,4097.498289,-215.8708299,8410.867408,4343.017035,-513.7477778,9199.781848
2012-09-25,6064,4288.64846,-25.49921586,8602.796136,4558.139906,-301.471058,9417.75087
2012-09-26,5954,4466.183614,151.6822497,8780.684979,4732.622418,-128.3154366,9593.560272
2012-09-27,5282,4614.965253,300.8948235,8929.035682,4801.294615,-57.03175004,9659.620981
2012-09-28,4091,4681.668727,369.5064278,8993.831027,4712.507788,-143.9599916,9568.975568
2012-09-29,2156,4622.601855,312.4657103,8932.737999,4392.944315,-470.2342327,9256.122862
2012-09-30,2724,4375.941669,63.2123923,8688.670946,4184.326276,-681.4353789,9050.08793
2012-10-01,6239,4210.747502,-101.855633,8523.350638,4441.160491,-428.9645875,9311.28557
2012-10-02,6040,4413.572752,99.82111536,8727.324389,4641.01543,-231.3557353,9513.386595
2012-10-03,6054,4576.215477,262.5341355,8889.896818,4817.638501,-56.11538457,9691.392387
2012-10-04,5368,4723.993929,410.7673111,9037.220547,4886.433688,15.28098669,9757.58639
2012-10-05,4635,4788.394536,477.0881229,9099.70095,4855.004477,-12.17443055,9722.183385
2012-10-06,2713,4773.055083,464.0085408,9082.101625,4587.253918,-284.6661383,9459.173974
2012-10-07,2950,4567.049574,256.8983344,8877.200814,4382.597178,-491.7319903,9256.926346
2012-10-08,5667,4405.344617,95.40127639,8715.287957,4543.147531,-331.9641304,9418.259192
2012-10-09,5957,4531.510155,222.4983695,8840.521941,4719.879089,-156.6076955,9596.365874
2012-10-10,6270,4674.05914,365.6184755,8982.499804,4913.644203,35.16025673,9792.12815
2012-10-11,5983,4833.653226,525.3648334,9141.941618,5047.313678,169.0392102,9925.588145
2012-10-12,4900,4948.587903,641.4579277,9255.717879,5028.899468,155.0536376,9902.745298
2012-10-13,2343,4943.729113,638.8539814,9248.604244,4693.162035,-187.8697565,9574.193826
2012-10-14,2973,4683.656202,375.6595613,8991.652842,4478.14178,-405.6506341,9361.934195
2012-10-15,5621,4512.590581,204.5472494,8820.633913,4620.999058,-262.9145374,9504.912653
2012-10-16,5997,4623.431523,316.6110963,8930.25195,4792.999175,-92.0978472,9678.096198
2012-10-17,6084,4760.788371,454.6538261,9066.922916,4954.374279,68.48325837,9840.265299
2012-10-18,5452,4893.109534,587.7732295,9198.445838,5016.577494,133.5022516,9899.652736
2012-10-19,5127,4948.99858,645.6363906,9252.36077,5030.380307,151.8740958,9908.886518
2012-10-20,2551,4966.798722,665.6432759,9267.954169,4720.457769,-164.2401258,9605.155663
2012-10-21,2982,4725.21885,421.6932478,9028.744453,4503.150548,-384.3670928,9390.668188
2012-10-22,6303,4550.896965,247.2299194,8854.564011,4728.131729,-162.4778613,9618.74132
2012-10-23,6275,4726.107269,422.1606459,9030.053891,4921.490263,28.93968075,9814.040845
2012-10-24,5722,4880.996542,577.317103,9184.675981,5021.55398,130.4396794,9912.668281
2012-10-25,5430,4965.096888,663.0557158,9267.138059,5072.609733,184.6989024,9960.520563
2012-10-26,4638,5011.587199,711.5838974,9311.5905,5018.283516,133.4515449,9903.115487
2012-10-27,2520,4974.228479,676.3430162,9272.113942,4705.998077,-185.0595985,9597.055752
2012-10-28,3380,4728.805631,428.4134931,9029.197769,4540.248317,-351.7457612,9432.242395
2012-10-29,5158,4593.925068,294.3445558,8893.50558,4617.467277,-272.2767182,9507.211273
2012-10-30,5341,4650.332561,352.6930727,8947.97205,4707.908868,-180.0648113,9595.882547
2012-10-31,5336,4719.399305,423.5683139,9015.230296,4786.420259,-99.35847103,9672.198989
2012-11-01,5129,4781.059375,487.1137395,9075.00501,4829.242727,-53.06572437,9711.551178
2012-11-02,4537,4815.853437,524.0039417,9107.702932,4792.712386,-85.90748126,9671.332253
2012-11-03,2444,4787.968093,498.2641175,9077.672069,4499.123338,-385.0149312,9383.261607
2012-11-04,3087,4553.571284,261.7871978,8845.35537,4322.60792,-562.8520045,9208.067845
2012-11-05,5771,4406.914156,115.6742232,8698.154088,4503.65693,-383.2838674,9390.597728
2012-11-06,5785,4543.32274,252.7580144,8833.887466,4663.824814,-223.8488432,9551.498471
2012-11-07,6667,4667.490466,377.8582675,8957.122665,4914.221712,22.60078642,9805.842638
2012-11-08,6908,4867.441419,576.7846735,9158.098165,5163.443998,267.9256572,10058.96234
2012-11-09,5269,5071.497278,779.6932883,9363.301267,5176.638499,285.6259611,10067.65104
2012-11-10,2735,5091.24755,801.5914477,9380.903652,4871.433686,-25.45819727,9768.32557
2012-11-11,3384,4855.622795,563.8445377,9147.401052,4685.504475,-213.0209075,9584.029858
2012-11-12,5652,4708.460515,417.203734,8999.717297,4806.316416,-91.53003336,9704.162865
2012-11-13,6366,4802.814464,513.0080425,9092.620885,5001.276864,101.4812555,9901.072473
2012-11-14,6155,4959.133017,669.5422597,9248.723775,5145.492256,245.5472611,10045.43725
2012-11-15,6068,5078.719716,790.1503111,9367.28912,5260.805724,361.7334298,10159.87802
2012-11-16,4904,5177.647744,890.4579913,9464.837497,5216.205009,320.5010768,10111.90894
2012-11-17,2532,5150.28297,865.2065007,9435.359439,4880.679382,-21.9274656,9783.28623
2012-11-18,3285,4888.454673,600.2508771,9176.658468,4681.21946,-223.4805309,9585.91945
2012-11-19,5818,4728.109205,440.106677,9016.111734,4823.317027,-81.45209296,9728.086147
2012-11-20,5084,4837.098285,550.2982003,9123.89837,4855.902399,-45.08352426,9756.888322
2012-11-21,4102,4861.788456,577.0907481,9146.486165,4761.664599,-137.7122248,9661.041423
2012-11-22,2793,4785.809611,502.8370304,9068.782191,4515.581524,-387.5200046,9418.683053
2012-11-23,2829,4586.52865,302.6771652,8870.380134,4304.758834,-600.823349,9210.341016
2012-11-24,2307,4410.775785,126.7306291,8694.82094,4055.038979,-854.3816544,8964.459613
2012-11-25,3040,4200.398206,-84.85993298,8485.656345,3928.159107,-980.7929017,8837.111116
2012-11-26,8731,4084.358386,-199.754499,8368.47127,4528.514219,-396.5251796,9453.553617
2012-11-27,8359,4549.022547,250.1927762,8847.852318,5007.324941,70.47582664,9944.174056
2012-11-28,7612,4930.020292,622.0471052,9237.99348,5332.909324,389.6209226,10276.19772
2012-11-29,6947,5198.218263,886.804634,9509.631892,5534.670658,589.2723385,10480.06898
2012-11-30,5586,5373.096437,1061.450599,9684.742274,5541.086826,600.3858519,10481.7878
2012-12-01,2757,5394.386793,1084.849898,9703.923688,5193.075973,245.1784988,10140.97345
2012-12-02,3329,5130.648114,817.9821996,9443.314028,4960.066476,8.983863305,9911.149089
2012-12-03,8123,4950.483302,637.5214378,9263.445167,5355.433167,395.534332,10315.332
2012-12-04,7093,5267.734972,949.1583824,9586.311562,5572.629021,610.1117957,10535.14625
2012-12-05,7131,5450.261475,1131.253698,9769.269252,5767.425393,803.0711821,10731.7796
2012-12-06,6093,5618.335327,1299.290192,9937.380463,5808.122219,847.2694573,10768.97498
2012-12-07,4868,5665.801795,1348.716975,9982.886615,5690.606942,730.5919448,10650.62194
2012-12-08,2293,5586.021615,1270.60002,9901.443211,5265.906074,296.1136681,10235.69848
2012-12-09,2672,5256.719454,935.2550569,9578.183851,4941.667815,-34.41507112,9917.7507
2012-12-10,6139,4998.247508,673.9111039,9322.583913,5091.334338,114.9930822,10067.67559
2012-12-11,5978,5112.322758,789.1077903,9435.537725,5202.167546,226.9061905,10177.4289
2012-12-12,5489,5198.890482,877.2200996,9520.560864,5238.021602,266.4184276,10209.62478
2012-12-13,5015,5227.901434,908.2886289,9547.514238,5210.143902,242.4659568,10177.82185
2012-12-14,4176,5206.61129,889.0927037,9524.129877,5080.875914,113.6330018,10048.11883
2012-12-15,1890,5103.550161,787.3726209,9419.727702,4682.016425,-294.0429965,9658.075847
2012-12-16,2066,4782.195145,460.4284212,9103.961869,4355.014372,-627.381007,9337.409751
2012-12-17,5393,4510.575631,185.4545939,8835.696667,4484.762575,-497.2010928,9466.726244
2012-12-18,5557,4598.818068,275.2035275,8922.432607,4618.792254,-362.8870307,9600.471538
2012-12-19,5674,4694.636261,372.4201407,9016.852381,4750.693222,-230.629475,9732.015919
2012-12-20,4964,4792.572635,471.722688,9113.422581,4777.356569,-200.0167565,9754.729895
2012-12-21,3882,4809.715371,490.9489324,9128.48181,4665.436998,-310.9030057,9641.777002
2012-12-22,1698,4716.943834,399.6640704,9034.223598,4294.507373,-689.628343,9278.643089
2012-12-23,1748,4415.049451,93.13965347,8736.959248,3976.193952,-1013.930903,8966.318806
2012-12-24,1887,4148.344506,-176.6868055,8473.375817,3715.044708,-1279.113285,8709.2027
2012-12-25,1580,3922.210055,-404.4491184,8248.869229,3448.164119,-1550.213934,8446.542172
2012-12-26,3602,3687.98905,-640.5608539,8016.538953,3467.393604,-1526.789157,8461.576365
2012-12-27,4296,3679.390145,-647.0604866,8005.840776,3570.969404,-1421.886778,8563.825585
2012-12-28,3362,3741.05113,-583.6100176,8065.712278,3544.848228,-1444.059633,8533.756089
2012-12-29,1728,3703.146017,-619.5110446,8025.803079,3317.7422,-1674.02814,8309.51254
2012-12-30,1845,3505.631415,-817.7471598,7829.009991,3133.649425,-1859.523308,8126.822158
2012-12-31,2356,3339.568274,-983.6911203,7662.827668,3036.443247,-1955.193814,8028.080307
2013-01-01,1693,3241.211446,-1080.630536,7563.053429,2868.512841,-2123.978537,7861.004219
2013-01-02,4551,3086.390302,-1235.066518,7407.847121,3078.823736,-1915.949328,8073.5968
2013-01-03,5049,3232.851272,-1088.182614,7553.885158,3325.095769,-1673.165984,8323.357522
2013-01-04,4636,3414.466144,-907.0114625,7735.943751,3488.958798,-1510.011556,8487.929151
2013-01-05,2017,3536.61953,-783.9357755,7857.174836,3304.963948,-1695.390507,8305.318403
2013-01-06,2200,3384.657577,-935.4583534,7704.773507,3166.843454,-1833.35156,8167.038469
2013-01-07,5718,3266.191819,-1052.829981,7585.21362,3485.738023,-1520.364101,8491.840146
2013-01-08,6071,3511.372637,-810.1193297,7832.864605,3808.89577,-1203.245069,8821.036609
2013-01-09,5803,3767.335374,-557.0136915,8091.684439,4058.158799,-957.5342557,9073.851853
2013-01-10,6265,3970.901836,-354.4998893,8296.303562,4334.013949,-686.1143227,9354.14222
2013-01-11,4933,4200.311653,-126.9642242,8527.58753,4408.887205,-608.9492188,9426.723629
2013-01-12,2074,4273.580487,-52.04469001,8599.205665,4117.026305,-905.7693705,9139.82198
2013-01-13,2584,4053.622439,-273.4061295,8380.651007,3925.398016,-1099.003182,8949.799215
2013-01-14,5484,3906.660195,-419.8306345,8233.151024,4120.223264,-905.8869653,9146.333494
2013-01-15,5852,4064.394175,-261.9110217,8390.699372,4336.695356,-691.841527,9365.23224
2013-01-16,5965,4243.154758,-83.485207,8569.794723,4540.233437,-490.2951727,9570.762046
2013-01-17,5946,4415.339282,88.54010865,8742.138455,4715.954257,-315.6376953,9747.54621
2013-01-18,4357,4568.405354,241.9100553,8894.900652,4671.084975,-357.2231377,9699.393088
2013-01-19,2069,4547.264818,222.7975172,8871.73212,4345.824353,-688.5082275,9380.156934
2013-01-20,2527,4299.438337,-27.37284675,8626.24952,4118.471309,-918.6292868,9155.571905
2013-01-21,4212,4122.194503,-204.7911715,8449.180177,4130.162395,-902.5598536,9162.884644
2013-01-22,6071,4131.175053,-193.770688,8456.120793,4372.767096,-663.224002,9408.758194
2013-01-23,6269,4325.157547,-0.536532524,8650.851627,4609.796209,-429.2732912,9648.865709
2013-01-24,6086,4519.541793,193.094765,8845.98882,4794.321683,-246.0868004,9834.730166
2013-01-25,5343,4676.187613,349.9634253,9002.411801,4862.906472,-175.0138478,9900.826793
2013-01-26,2881,4742.868852,418.346564,9067.39114,4615.168163,-426.172986,9656.509313
2013-01-27,3521,4556.681967,231.7405248,8881.623409,4478.397143,-562.7047257,9519.499012
2013-01-28,6924,4453.11377,129.4632596,8776.764281,4784.0975,-262.3224236,9830.517424
2013-01-29,6886,4700.202393,374.1112552,9026.293531,5046.835313,-3.480764693,10097.15139
2013-01-30,7668,4918.782154,591.227547,9246.336761,5374.480899,318.1448593,10430.81694
2013-01-31,7166,5193.703938,862.6844715,9524.723405,5598.420786,539.4778491,10657.36372
2013-02-01,6246,5390.933545,1059.115547,9722.751542,5679.368188,622.5093181,10736.22706
2013-02-02,3654,5476.44019,1146.114065,9806.766316,5426.197164,365.77971,10486.61462
2013-02-03,3886,5294.196171,963.5446189,9624.847723,5233.672519,171.6868914,10295.65815
2013-02-04,7725,5153.376554,823.3554802,9483.397628,5545.088454,477.6522457,10612.52466
2013-02-05,8052,5410.538899,1077.761281,9743.316517,5858.452397,785.5121761,10931.39262
2013-02-06,7844,5674.685009,1338.905672,10010.46435,6106.645848,1030.337658,11182.95404
2013-02-07,7001,5891.616508,1554.477159,10228.75586,6218.440117,1143.215268,11293.66497
2013-02-08,5775,6002.554857,1666.549682,10338.56003,6163.010102,1090.701695,11235.31851
2013-02-09,2739,5979.799371,1645.778207,10313.82054,5735.008839,653.4924992,10816.52518
2013-02-10,3478,5655.719434,1316.272698,9995.16617,5452.882734,366.9161646,10538.8493
2013-02-11,9451,5437.947491,1097.178222,9778.716759,5952.647393,855.1726628,11050.12212
2013-02-12,8493,5839.252742,1489.029966,10189.47552,6270.191469,1167.140679,11373.24226
2013-02-13,7294,6104.627468,1751.419608,10457.83533,6398.167535,1295.69442,11500.64065
2013-02-14,7455,6223.564721,1871.368293,10575.76115,6530.271593,1428.241431,11632.30176
2013-02-15,5773,6346.708249,1995.45145,10697.96505,6435.612644,1335.23587,11535.98942
2013-02-16,2959,6289.337424,1939.86358,10638.81127,6001.036063,891.3242913,11110.74784
2013-02-17,3671,5956.303681,1601.045997,10311.56137,5709.781556,595.3795656,10824.18355
2013-02-18,6002,5727.773313,1370.875944,10084.67068,5746.308861,635.4423056,10857.17542
2013-02-19,7670,5755.195982,1400.252767,10110.1392,5986.770253,872.86016,11100.68035
2013-02-20,7749,5946.676384,1591.147267,10302.2055,6207.048972,1090.750796,11323.34715
2013-02-21,7057,6126.908745,1771.093537,10482.72395,6313.29285,1198.279383,11428.30632
2013-02-22,6155,6219.917871,1865.495216,10574.34053,6293.506244,1182.553826,11404.45866
2013-02-23,3350,6213.426084,1861.002363,10565.8498,5925.567964,807.4899604,11043.64597
2013-02-24,3816,5927.083475,1570.9405,10283.22645,5661.871968,540.025604,10783.71833
2013-02-25,7023,5715.975128,1358.737828,10073.21243,5832.012972,709.4037061,10954.62224
2013-02-26,8085,5846.677615,1490.231369,10203.12386,6113.636351,986.6956949,11240.57701
2013-02-27,8934,6070.509854,1712.5464,10428.47331,6466.181807,1332.648692,11599.71492
2013-02-28,7380,6356.858868,1995.165683,10718.55205,6580.409081,1447.913024,11712.90514
2013-03-01,6031,6459.172981,2098.743132,10819.60283,6511.732946,1381.726699,11641.73919
2013-03-02,3137,6416.355683,2057.790808,10774.92056,6089.891328,951.1025367,11228.68012
2013-03-03,4370,6088.420115,1724.39318,10452.44705,5874.904912,733.9433195,11015.8665
2013-03-04,8412,5916.578103,1552.506932,10280.64927,6192.041798,1045.658159,11338.42544
2013-03-05,8795,6166.120293,1799.70818,10532.53241,6517.411573,1365.35379,11669.46936
2013-03-06,9592,6429.008264,2059.795769,10798.22076,6901.735126,1742.139408,12061.33084
2013-03-07,8713,6745.307437,2371.177478,11119.4374,7128.143236,1966.038726,12290.24775
2013-03-08,6835,6942.076694,2567.272063,11316.88132,7091.500331,1932.913141,12250.08752
2013-03-09,3324,6931.369024,2558.541436,11304.19661,6620.56279,1451.718147,11789.40743
2013-03-10,3423,6570.632122,2190.835124,10950.42912,6220.867441,1044.040453,11397.69443
2013-03-11,8284,6255.86891,1871.26803,10640.46979,6478.759011,1298.451572,11659.06645
2013-03-12,8526,6458.682019,2073.242588,10844.12145,6734.664135,1550.945339,11918.38293
2013-03-13,7690,6665.413817,2279.032887,11051.79475,6854.081118,1671.268572,12036.89366
2013-03-14,7718,6767.872435,2382.757126,11152.98774,6962.070978,1780.523687,12143.61827
2013-03-15,5663,6862.885192,2479.135055,11246.63533,6799.687106,1617.687663,11981.68655
2013-03-16,3074,6742.896672,2360.137683,11125.65566,6333.976218,1141.96968,11525.98275
2013-03-17,3670,6376.007005,1986.050862,10765.96315,6000.97919,803.1607024,11198.79768
2013-03-18,8075,6105.406305,1712.458146,10498.35446,6260.231792,1058.930804,11461.53278
2013-03-19,7886,6302.365674,1908.74874,10695.98261,6463.452818,1260.435999,11666.46964
2013-03-20,7494,6460.729107,2067.380335,10854.07788,6592.271215,1389.877153,11794.66528
2013-03-21,7627,6564.056196,2171.954666,10956.15773,6721.612313,1519.823498,11923.40113
2013-03-22,6061,6670.350577,2279.453579,11061.24757,6639.035774,1439.31644,11838.75511
2013-03-23,3052,6609.415519,2220.23445,10998.59659,6190.656303,981.5509552,11399.76165
2013-03-24,3628,6253.673967,1857.906686,10649.44125,5870.324265,655.8547386,11084.79379
2013-03-25,7294,5991.10657,1592.667379,10389.54576,6048.283732,832.9087486,11263.65871
2013-03-26,7557,6121.395913,1723.769385,10519.02244,6236.873265,1020.262547,11453.48398
2013-03-27,7218,6264.956322,1867.897839,10662.01481,6359.514107,1143.72708,11575.30113
2013-03-28,7029,6360.26069,1964.549009,10755.97237,6443.199844,1229.449136,11656.95055
2013-03-29,5483,6427.134621,2033.079641,10821.1896,6323.174863,1110.325291,11536.02444
2013-03-30,2895,6332.721159,1940.026011,10725.41631,5894.653005,673.1052859,11116.20072
2013-03-31,3516,5988.949043,1590.289598,10387.60849,5597.32138,371.168812,10823.47395
2013-04-01,7077,5741.654139,1340.872049,10142.43623,5782.281207,555.0217705,11009.54064
2013-04-02,7849,5875.188725,1475.154458,10275.22299,6040.621056,809.9798507,11271.26226
2013-04-03,7720,6072.569852,1671.866637,10473.27307,6250.543424,1018.027425,11483.05942
2013-04-04,7380,6237.312867,1836.737796,10637.88794,6391.725496,1159.467146,11623.98385
2013-04-05,6352,6351.58158,1952.079484,10751.08368,6386.759809,1158.974014,11614.5456
2013-04-06,3064,6351.623422,1954.068434,10749.17841,5971.414833,735.4052849,11207.42438
2013-04-07,3722,6022.86108,1620.060066,10425.66209,5690.237979,450.1638409,10930.31212
2013-04-08,12301,5792.774972,1388.413898,10197.13605,6516.583232,1255.625487,11777.54098
2013-04-09,8412,6443.597475,2013.061945,10874.133,6753.510328,1489.881666,12017.13899
2013-04-10,7799,6640.437727,2209.295997,11071.57946,6884.196537,1621.174928,12147.21815
2013-04-11,7318,6756.293955,2326.220311,11186.3676,6938.42197,1678.360019,12198.48392
2013-04-12,5957,6812.464559,2384.134316,11240.7948,6815.744223,1556.53143,12074.95702
2013-04-13,3166,6726.918103,2300.051635,11153.78457,6359.526195,1090.911806,11628.14059
2013-04-14,3790,6370.826293,1937.561598,10804.09099,6038.335421,764.4815024,11312.18934
2013-04-15,7627,6112.743664,1677.060493,10548.42683,6236.918493,961.5952026,11512.24178
2013-04-16,7908,6264.169297,1828.920099,10699.4185,6445.803682,1168.697853,11722.90951
2013-04-17,7932,6428.552368,1993.47053,10863.63421,6631.578222,1353.400649,11909.75579
2013-04-18,7225,6578.897131,2144.274911,11013.51935,6705.755944,1429.92274,11981.58915
2013-04-19,5761,6643.507418,2210.552269,11076.46257,6587.661451,1312.826086,11862.49682
2013-04-20,2992,6555.256676,2123.72979,10986.78356,6138.203769,854.2443353,11422.1632
2013-04-21,3669,6198.931008,1761.05181,10636.81021,5829.553298,540.7823496,11118.32425
2013-04-22,7949,5945.937908,1505.835697,10386.04012,6094.484136,802.242971,11386.7253
2013-04-23,8533,6146.244117,1705.451245,10587.03699,6399.298619,1102.378372,11696.21887
2013-04-24,8038,6384.919705,1942.34527,10827.49414,6604.136292,1305.587872,11902.68471
2013-04-25,7944,6550.227735,2107.808047,10992.64742,6771.619255,1472.581387,12070.65712
2013-04-26,6268,6689.604961,2247.855641,11131.35428,6708.666848,1412.316223,12005.01747
2013-04-27,3388,6647.444465,2207.509375,11087.37955,6293.583492,989.2263038,11597.94068
2013-04-28,3913,6321.500019,1876.608378,10766.39166,5996.010556,687.2246882,11304.79642
2013-04-29,9483,6080.650017,1633.942135,10527.3579,6431.884236,1114.486427,11749.28205
2013-04-30,9494,6420.885015,1968.610153,10873.15988,6814.648707,1490.261833,12139.03558
2013-05-01,7220,6728.196513,2271.757515,11184.63551,6865.317618,1543.999867,12186.63537
2013-05-02,8276,6777.376862,2322.710812,11232.04291,7041.652916,1719.60078,12363.70505
2013-05-03,7450,6927.239176,2473.05684,11381.42151,7092.696302,1773.694669,12411.69793
2013-05-04,4401,6979.515258,2527.082756,11431.94776,6756.234264,1431.666106,12080.80242
2013-05-05,4146,6721.663732,2266.871273,11176.45619,6429.954981,1100.13686,11759.7731
2013-05-06,7428,6464.097359,2006.967046,10921.22767,6554.710608,1225.72155,11883.69967
2013-05-07,7613,6560.487623,2104.680435,11016.29481,6686.996782,1358.608733,12015.38483
2013-05-08,8284,6665.738861,2211.139482,11120.33824,6886.622184,1556.809306,12216.43506
2013-05-09,13134,6827.564975,2373.206388,11281.92356,7667.544411,2318.845297,13016.24353
2013-05-10,12736,7458.208477,2980.415545,11936.00141,8301.10136,2937.97189,13664.23083
2013-05-11,4261,7985.98763,3492.494387,12479.48087,7796.08869,2422.408823,13169.76856
2013-05-12,3946,7613.488867,3113.093711,12113.88402,7314.827604,1931.327139,12698.32807
2013-05-13,9464,7246.73998,2739.748838,11753.73112,7583.474153,2196.535597,12970.41271
2013-05-14,9312,7468.465982,2960.324205,11976.60776,7799.539884,2410.742044,13188.33772
2013-05-15,8145,7652.819384,3144.485386,12161.15338,7842.722399,2457.235754,13228.20904
2013-05-16,8005,7702.037445,3195.483719,12208.59117,7863.007099,2481.509807,13244.50439
2013-05-17,5612,7732.333701,3227.650464,12237.01694,7581.631211,2196.326027,12966.9364
2013-05-18,2591,7520.300331,3014.69064,12025.91002,6957.80231,1558.486302,12357.11832
2013-05-19,3200,7027.370298,2508.413603,11546.32699,6488.077021,1079.364359,11896.78968
2013-05-20,7100,6644.633268,2118.437358,11170.82918,6564.567394,1158.177478,11970.95731
2013-05-21,8116,6690.169941,2165.771398,11214.56848,6758.496469,1350.933123,12166.05982
2013-05-22,8184,6832.752947,2309.01293,11356.49296,6936.684411,1528.417317,12344.9515
2013-05-23,9826,6967.877652,2444.926064,11490.82924,7297.848859,1883.447339,12712.25038
2013-05-24,6603,7253.689887,2727.588248,11779.79153,7210.992752,1798.603467,12623.38204
2013-05-25,2673,7188.620898,2664.171546,11713.07025,6643.743658,1219.126321,12068.36099
2013-05-26,2758,6737.058809,2201.851793,11272.26582,6158.025701,723.6152074,11592.43619
2013-05-27,3660,6339.152928,1796.0689,10882.23696,5845.772488,406.7174877,11284.82749
2013-05-28,8351,6071.237635,1525.652815,10616.82246,6158.925927,715.2076536,11602.6442
2013-05-29,7990,6299.213871,1752.334198,10846.09354,6387.810186,941.9254732,11833.6949
2013-05-30,7397,6468.292484,1921.56747,11015.0175,6513.958913,1068.943238,11958.97459
2013-05-31,5840,6561.163236,2015.824978,11106.50149,6429.714049,986.8015293,11872.62657
2013-06-01,3839,6489.046912,1945.305706,11032.78812,6105.874793,658.0031306,11553.74645
2013-06-02,3342,6224.042221,1677.902708,10770.18173,5760.390444,306.9308248,11213.85006
2013-06-03,8269,5935.837999,1386.52643,10485.14957,6073.966638,615.8669293,11532.06635
2013-06-04,7484,6169.154199,1618.40409,10719.90431,6250.220808,791.5242932,11708.91732
2013-06-05,7362,6300.638779,1750.736788,10850.54077,6389.193207,930.9955702,11847.39084
2013-06-06,7145,6406.774901,1858.090849,10955.45895,6483.669056,1027.274892,11940.06322
2013-06-07,5932,6480.597411,1933.486995,11027.70783,6414.710424,960.8647038,11868.55614
2013-06-08,3109,6425.73767,1880.350112,10971.12523,6001.496621,540.1122921,11462.88095
2013-06-09,3372,6094.063903,1543.869558,10644.25825,5672.809544,206.3728203,11139.24627
2013-06-10,6494,5821.857513,1269.064961,10374.65006,5775.458351,310.5869811,11240.32972
2013-06-11,6548,5889.071761,1337.902462,10440.24106,5872.026057,408.8950893,11335.15702
2013-06-12,6242,5954.964585,1405.427674,10504.5015,5918.2728,458.34825,11378.19735
2013-06-13,6471,5983.668127,1435.978387,10531.35787,5987.3637,529.9739359,11444.75346
2013-06-14,5276,6032.401314,1486.460918,10578.34171,5898.443237,443.0061575,11353.88032
2013-06-15,2724,5956.761183,1412.371893,10501.15047,5501.637833,39.18515211,10964.09051
2013-06-16,3418,5633.485064,1084.663891,10182.30624,5241.183104,-224.3065369,10706.67274
2013-06-17,6569,5411.936558,862.0536826,9961.819433,5407.160216,-58.61489771,10872.93533
2013-06-18,6646,5527.642902,978.826527,10076.45928,5562.015189,96.27812601,11027.75225
2013-06-19,6808,5639.478612,1091.782318,10187.17491,5717.76329,252.038295,11183.48829
2013-06-20,6950,5756.330751,1209.684338,10302.97716,5871.792879,406.1297639,11337.45599
2013-06-21,5369,5875.697676,1330.064899,10421.33045,5808.943769,345.9842503,11271.90329
2013-06-22,2865,5825.027908,1281.127042,10368.92877,5440.950798,-28.14337295,10910.04497
2013-06-23,3526,5529.025117,981.7382009,10076.31203,5201.581948,-269.9162025,10673.0801
2013-06-24,6847,5328.722606,780.9186869,9876.526524,5407.259205,-65.66521011,10880.18362
2013-06-25,7363,5480.550345,933.2178474,10027.88284,5651.726804,176.2582956,11127.19531
2013-06-26,6902,5668.795311,1121.186291,10216.40433,5808.010954,332.5469985,11283.47491
2013-06-27,6520,5792.115779,1245.456881,10338.77468,5897.009584,423.4900378,11370.52913
2013-06-28,5306,5864.904202,1319.795404,10410.013,5823.133386,351.9906732,11294.2761
2013-06-29,2822,5809.013781,1265.593654,10352.43391,5447.991713,-29.44936841,10925.43279
2013-06-30,3919,5510.312403,963.4292028,10057.1956,5256.867749,-221.56914,10735.30464
2013-07-01,6819,5351.181163,804.6665294,9897.695796,5452.13428,-27.41582018,10931.68438
2013-07-02,6873,5497.963047,952.0075342,10043.91856,5629.742495,149.5880163,11109.89697
2013-07-03,6476,5635.466742,1090.230581,10180.7029,5735.524683,256.8273994,11214.22197
2013-07-04,3982,5719.520068,1175.717784,10263.32235,5516.334098,35.84076709,10996.82743
2013-07-05,4743,5545.768061,1002.037777,10089.49834,5419.667336,-59.10982768,10898.4445
2013-07-06,3316,5465.491255,923.245091,10007.73742,5156.708919,-325.1138435,10638.53168
2013-07-07,3882,5250.542129,707.419235,9793.665024,4997.370304,-484.5300962,10479.2707
2013-07-08,10557,5113.687916,571.3230867,9656.052746,5692.324016,195.0428162,11189.60522
2013-07-09,9137,5658.019125,1099.793563,10216.24469,6122.908514,617.8188507,11627.99818
2013-07-10,8170,6005.917212,1442.338509,10569.49592,6378.79495,870.892788,11886.69711
2013-07-11,7329,6222.325491,1657.820957,10786.83002,6497.570581,990.7683827,12004.37278
2013-07-12,6333,6332.992942,1769.619659,10896.36622,6476.999258,974.0919388,11979.90658
2013-07-13,3698,6332.993648,1771.478792,10894.5085,6129.624351,621.3062881,11637.94241
2013-07-14,3487,6069.494283,1505.737239,10633.25133,5799.296307,286.0609708,11312.53164
2013-07-15,7038,5811.244855,1245.418417,10377.07129,5954.134269,440.9751554,11467.29338
2013-07-16,14251,5933.920369,1369.051688,10498.78905,6991.242485,1453.115303,12529.36967
2013-07-17,10458,6765.628332,2161.95275,11369.30391,7424.587175,1878.656964,12970.51738
2013-07-18,8739,7134.865499,2525.105016,11744.62598,7588.888778,2042.792879,13134.98468
2013-07-19,6808,7295.278949,2685.894877,11904.66302,7491.27768,1946.904846,13035.65052
2013-07-20,3623,7246.551054,2638.891987,11854.21012,7007.74297,1454.170991,12561.31495
2013-07-21,4006,6884.195949,2270.740176,11497.65172,6632.525099,1072.831105,12192.21909
2013-07-22,7623,6596.376354,1979.96698,11212.78573,6756.334462,1197.630271,12315.03865
2013-07-23,7967,6699.038719,2083.882628,11314.19481,6907.667654,1349.174788,12466.16052
2013-07-24,7579,6825.834847,2211.61047,11440.05922,6991.584197,1435.203671,12547.96472
2013-07-25,6861,6901.151362,2288.460752,11513.84197,6975.261173,1422.894394,12527.62795
2013-07-26,5806,6897.136226,2286.303399,11507.96905,6829.103526,1277.088195,12381.11886
2013-07-27,3342,6788.022603,2178.353984,11397.69122,6393.215585,833.3995611,11953.03161
2013-07-28,3399,6443.420343,1828.732841,11058.10785,6018.938637,453.0664867,11584.81079
2013-07-29,7095,6138.978309,1520.799563,10757.15705,6153.446307,588.2628438,11718.62977
2013-07-30,7225,6234.580478,1617.725577,10851.43538,6287.390519,722.9104524,11851.87059
2013-07-31,6453,6333.62243,1718.051771,10949.19309,6308.091704,747.4897934,11868.69361